규격,도수,전통주명,제조사,주원료
750ml,7,입장탁주,(농) 입장주조㈜,국내산 쌀
500ml,30,톡 한잔 소주,(농)(유)대마주조,"국내산 보리, 쌀"
360ml,6,자연담은 복분자막걸리,(농)국순당고창명주㈜,"국내산 복분자(고창), 정제수"
"600ml, 800ml",45,로얄 안동소주,(농)유토피아㈜,국내산 쌀
500ml,17,지란지교,(유)친구들의 술 지란지교,"찹쌀,멥쌀,전통누룩(밀),정제수"
500ml,12,지란지교 무화과 탁주,(유)친구들의술지란지교,"찹쌀, 멥쌀(국내산), 전통누룩(국내산 밀), 정제수, 무화과청, 레드비트분말, 밀함유"
"375ml, 500ml",17,지란지교 약주,(유)친구들의술지란지교,"찹쌀, 멥쌀(국내산), 전통누룩(국내산 밀), 정제수, 밀함유"
"375ml, 750ml",11.5,꽃 와인,264청포도 와이너리,포도(92%(안동 청수 100%))
330ml,3,인사이더 블루베리,가나다라브루어리,"사과, 정제수, 효모, 설탕, 블루베리, 구연산(산도조절제), 합성향료(블루베리향),베리류색소,이산화탄소"
500ml,4.5,로제사이더 오미한잔,가나다라브루어리,"사과즙(국내산),건조오미자(국내산), 이산화탄소, 효모, 소브산칼륨, 메타중아황산칼륨"
750ml,6,가야 프리미엄 막걸리,가야양조장,김해 쌀(100%)
750ml,6,님 그리다,가야양조장,"찹쌀, 멥쌀, 누룩(밀)"
750ml,12,포엠 로제와인,갈기산농업회사,"포도, 설탕, 효모, 메타중아황산나트륨, 소르빈산칼륨"
750ml,12,포엠 화이트와인,갈기산농업회사,"포도, 백설탕, 효모"
550ml,12,로제와인,갈기산포도농원,포도(국내산)
375ml,19,모리,강산명주,"정제수, 보리증류원액"
375ml,10,연희유자,같이양조장,"멥쌀, 찹쌀, 유자"
375ml,10,연희장미,같이양조장,"정제수, 멥쌀, 찹쌀, 누룩, 장미"
375ml,9,연희민트,같이양조장,"정제수, 멥쌀, 찹쌀, 누룩(밀함유), 민트"
375ml,12,연희매화,같이양조장,"찹쌀, 누룩, 정제수, 매화"
750ml,16,산내울 사과애주,거창사과원예농협,"사과, 설탕, 주정, 정제수, 과당"
750ml,16,산내울 복분자주,거창사과원예농협,"복분자, 설탕, 주정, 정제수, 과당"
750ml,25,장수홍삼주,경원리큐르,국내산 인삼
600ml,40,계룡백일주 40%,계룡백일주,"찹쌀, 백미, 누룩, 재래종국화꽃, 오미자, 진달래, 재래종 솔잎"
500ml,15,장보고의 꿈 황칠약주,고금주조장,"정제수, 경기미햅쌀(국내산 멥쌀), 국, 효모 (밀함유)"
750ml,6,완도유자막걸리,고금주조장,"정제수, 완도쌀,소맥분,입국,효모,정제효소,유자즙,"
375ml,40,징기스칸,고도리 와이너리,레드와인
750ml,10.5,고도리 화이트와인 스위트,고도리 와이너리,거봉포도(영천)
500ml,12,레드 와인 500,고도리 와이너리,친환경 거봉 포도
750ml,10.5,고도리 청수 와인,고도리 와이너리,포도(청수)
750ml,12,고도리 레드와인 스위트,고도리 와이너리,MBA 머루포도(영천)
750ml,10.5,고도리 화이트와인 드라이,고도리 와이너리,거봉포도(영천)
750ml,6.5,고도리 복숭아와인,고도리 와이너리,복숭아(경북 영천)
"375ml, 750ml",12,고도리 로제와인,고도리 와이너리,거봉 포도
375ml,12,고도리 아이스와인(아이스 375),고도리 와이너리,
"375ml, 750ml",10.5,고도리 샤인머스캣 화이트와인,고도리 와이너리,"샤인머스캣99%(국내산), 설탕, 효모, 소브산칼륨, 메타중아황산칼륨"
375ml,40,고도리 징기스칸 브랜디,고도리 와이너리,
375ml,12,고도리 아이스 와인 망고와인,고도리 와이너리,mba머루포도 효모 메타중아황사 설탕
375ml,11.5,고도리 프룬와인,고도리 와이너리,"자두 99.585%, 설탕 0.4%, 효모 0.005%, 메타중아황산칼륨 0.005%, 솔빈산칼륨 0.005%"
360ml,17.2,꽃빛서리,고창서해안복분자주,"증류원액(백미, 생화20가지, 효모), 정제수, 주정, 결정과당, 구연산, L-아스파라긴산, 효소처리스테비아"
300ml,13,고창선운산 땡큐블루베리주,고창선운산,"블루베리과실, 주정, 효모, 구연산, 정제수"
300ml,7.5,쿨샷 7.5,고창선운산,"복분자과실, 주정, 효모, 구연산, 정제수"
1800ml,15,고창선운산 복분자주 특1호,고창선운산,"복분자과실, 주정, 효모, 구연산, 정제수"
300ml,13,고창선운산 땡큐복분자주,고창선운산,"복분자과실, 주정, 효모, 구연산, 정제수"
"375ml, 700ml",13,동학 1957,고헌정영농조합법인,"국내산 쌀, 구연산, 효모, 젖산, 정제효소제, 국, 주정, 정제수"
350ml,12,골목막걸리 프리미엄 12,골목양조장,"정제수, 쌀(국내산), 국, 효모"
500ml,9,과천미주,과천도가,"정제수, 경기미햅쌀(국내산 멥쌀), 국, 효모 (밀함유)"
750ml,5,광양 생 막걸리 골드,광양주조공사,"정제수, 쌀(국산100%), 입국(국산), 곡자(국산누룩), 아스파탐(감미료, 페닐알라닌 함유), 정제효소, 효모, 젖산, 액화효소"
750ml,5,광양 생 막걸리,광양주조공사,"정제수, 쌀(국산100%), 입국(국산), 곡자(국산누룩), 아스파탐(감미료, 페닐알라닌 함유), 정제효소, 효모, 젖산, 액화효소"
900ml,16,경주교동법주,교동법주,찹쌀(국내산)
1000ml,6,구암대추막걸리,구암농산,"쌀, 대추"
"350ml, 300ml",4,아이싱 자몽,국순당,"쌀, 자몽엑기스"
750ml,6,국순당 생막걸리 대박,국순당,쌀
400ml,12.5,국순당 이화주,국순당,"이화누룩, 국내산쌀"
750ml,8,옛날막걸리 古,국순당,"국내산쌀, 누룩"
750ml,5,1000억 유산균 막걸리,국순당,"국내산쌀, 누룩"
550ml,18,사시통음주,국순당,"쌀, 누룩, 밀가루"
750ml,7,2017년 햅쌀로 빚은 첫술,국순당,국내산 햅쌀
"375ml, 500ml",25,려,국순당,"쌀증류소주원액(여주산 쌀 100%), 정제수, 고구마증류소주원액(여주산 고구마 100%)"
330ml,13,오디랑,국순당고창명주㈜,"오디(국산) 18.2%, 정제수, 과당, 주정, 구연산, 효모"
375ml,13,명작복분자,국순당고창명주㈜,복분자
750ml,6,선운산의 아침 복분자 막걸리,국순당고창명주㈜,"복분자, 쌀, 효모, 국, 과당, 구연산, 젖산, 정제수"
750ml,12,그랑꼬또 M56,그린영농조합,포도
750ml,12,그랑꼬또 로제와인,그린영농조합,포도
750ml,12,그랑꼬또 청수,그린영농조합,포도
"750ml, 375ml",12,그랑꼬또 레드와인,그린영농조합,국내산 포도(캠벨얼리)
375ml,15,바랑 탁,금계당,"국내산 찹쌀, 국내산 멥쌀, 누룩, 소맥분, 정제수"
375ml,17.5,별바랑,금계당,"국내산 찹쌀, 국내산 멥쌀, 누룩, 정제수"
360ml,12.5,금산인삼주 12.5%,금산인삼주,"국내산쌀 93.5%, 국내산인삼 6.5%"
375ml,12.5,명인 홍삼주,금산인삼주,"쌀, 홍삼, 누룩, 정제수 등"
375ml,35,금설,금산인삼주,"쌀(국내산)증류원액, 금박(순도97%), 기타과당"
750ml,12,미르아토 로제와인,금용농산,켐벨포도 등
750ml,12,미르아토 청수 스위트 (화이트)와인,금용농산,
200ml,40,미르아토 증류주 tears of god,금용농산,포도 등
500ml,12,사과와인,금이산농원,"사과(국내산), 백설탕, 효모, 메타중아황산칼륨"
500ml,12,복숭아와인,금이산농원,"복숭아(국내산), 백설탕, 효모, 메타중아황산칼륨"
750ml,8,금정산성막걸리,금정산성 토산주,"백미, 밀(누룩), 정제수"
750ml,6.9,금풍양조,금풍양조장,"정제수, 쌀(강화도), 국, 효모, 밀함유"
"400ml, 700ml, 1000ml",23,과하주23,김천과하주,쌀 100%
750ml,12,김천대학교 자두사랑 자두와인,김천대학교 자두사랑,피자두 (레드) / 후무사 (화이트)
750ml,6,미생 막걸리,김포금쌀탁주영농조합법인,"국내산 쌀, 누룩, 효모, 정제효소, 정제수"
750ml,6,선호 생막걸리,김포금쌀탁주영농조합법인,"국내산 쌀, 누룩, 효모, 정제효소, 천연감미료, 정제수"
375ml,15,김포특주,김포금쌀탁주영농조합법인,"국내산 쌀, 효모, 정제효소,정제수, 프락토올리고당"
600ml,11,한강의설레임,김포도가두두,"쌀(김포산), 개량누룩, 효모, 정제수"
750ml,6,김포 막걸리,김포양조,"쌀, 누룩, 정제수"
750ml,13,김포예주,김포양조,"국내산 쌀, 옥전분"
500ml,13,김포별주,김포양조,"쌀, 옥수수 전분, 국, 효모, 젖산, 효소제, 정제수"
750ml,11,김포약주,김포양조,"옥수수 전분, 밀, 국, 효모, 젖산, 효소제, 정제수"
750ml,13,김포예주 프리미엄,김포양조,"국내산 쌀, 국, 효모, 젖산, 정제수"
550ml,6,까메오 막걸리,낙천,"정제수, 쌀, 효모, 누룩, 과당 등"
750ml,6,지장수 호박 생 막걸리,낙천,"정제수(지장수), 쌀, 효모, 누룩, 과당 등"
550ml,6,지장수 호박막걸리,낙천,"정제수(지장수), 쌀, 효모, 누룩, 과당 등"
1700ml,5,낙천 옥수수 생동동주,낙천 탁주제조장,"정제수, 쌀, 옥수수분말, 치자, 입국, 효모, 올리고당, 정제효소, 아스파탐, 사카린나트륨, 밀함유"
750ml,9,열대야,날씨양조장,"쌀. 찹쌀, 누룩, 망고, 레몬, 정제수, 밀함유"
500ml,9,정고집 나주배 약주 9%,남도탁주,"쌀, 쌀가루(국내산), 배착즙액(나주산), 정제효소제, 종국, 젖산, 효모"
500ml,15,정고집 나주배 약주 15%,남도탁주,"쌀, 쌀가루(국내산), 배착즙액(나주산), 정제효소제, 종국, 젖산, 효모"
400ml,40,남한산성소주,남한산성소주,"쌀, 엿, 누룩"
375ml,21,남한산성소주 21,남한산성소주,"쌀증류식소주원액{맵쌀백미(국내산), 쌀}, 조청{쌀(국내산), 엿기름(보리, 국내산), 누룩, 정제수}, 정재수"
"200ml, 1800ml",50,강소주,내국양조,"국내산 쌀, 정제수"
375ml,25,화주,내국양조,"국내산 쌀, 홍삼농축액, 정제수"
375ml,13,송이주,내국양조,"국내산 쌀, 송이농축액, 누룩, 정제수"
375ml,13,능이주,내국양조,"국내산 쌀, 능이농축액, 누룩, 정제수"
375ml,20,별,내국양조,"올벼찹쌀, 누룩, 효모, 젖산, 정제수"
375ml,45,하늘,내국양조,"보리, 증류식소주원액, 조제종국, 정제수, 젖산, 효모, 구연산, 오크칩"
375ml,20,바람,내국양조,"쌀, 증류식소주원액,정제주정, 정제수, 구연산"
375ml,13,시,내국양조,"딸기, 설탕 효모, 구연산, 포도당, 오크칩"
750ml,6,줄포 생막걸리,내변산(동진주조),국내산 쌀
500ml,15,맑은술 해밀,내변산양조장,"쌀, 누룩, 정제수"
500ml,9,담진주,내올담 양조장,"경기미, 정제수, 우리밀누룩"
"경기미, 정제수, 우리밀누룩",12,담골드,내올담 양조장,500ml
700ml,16,내장산 복분자주 지통1호,내장산 복분자 영농조합,"복분자, 주정, 정제수, 설탕 등"
360ml,16,복분자주 360,내장산 복분자 영농조합,"복분자, 주정, 정제수, 설탕 등"
700ml,18,노미,내촌주조,"국내산 찹쌀, 국내산 쌀"
375ml,8.5,너브내스파클링사과와인,너브내와이너리,"사과, 배, 효모, 설탕, 아황산, 수크랄로스, 자일리톨"
750ml,12,끌로너와 스위트와인,너와마을영동조합,머루
"375ml, 500ml",15,일지춘,노금주가,"철원오대쌀(국내산), 찹쌀(국내산), 누룩(국내산 밀), 정제수"
500ml,8,고흥유자주 봄에디션,녹동양조장,"쌀, 입국, 누룩, 유자, 원당"
500ml,41,녹천 소곡화주 500ml,녹천주조장,"찹쌀, 누룩, 백미, 정제수"
480ml,41,녹천 소곡화주 480ml,녹천주조장,"찹쌀, 누룩, 백미 , 정제수"
375ml,38,일엽편주,농암종택 전통주,"찹쌀, 멥쌀(국내산), 누룩, 정제수, 밀 함유"
750ml,12,일엽편주,농암종택 전통주,"찹쌀, 멥쌀(국내산), 누룩, 정제수, 밀 함유"
375ml,15,일엽편주,농암종택 전통주,"찹쌀, 멥쌀(국내산), 누룩, 정제수, 밀 함유"
750ml,12,달 1614 스위트와인,농업회사 덕유,"머루(국내산), 포도(국내산), 설탕, 메타중아황산칼륨(산화방지제), 효모"
375ml,25,달홀진주25,농업회사법인 달홀주조,"정제수 증류원액(쌀: 국내산), 국, 효모, 정제효소제"
375ml,40,달홀진주40,농업회사법인 달홀주조,"정제수 증류원액(쌀: 국내산), 국, 효모, 정제효소제"
500ml,55,주향아라,농업회사법인 담을,"쌀, 국, 효모, 정제수"
500ml,41,주향담을,농업회사법인 담을,"쌀, 국, 효모, 정제수"
750ml,13,예화,농업회사법인 대윤가야곡주조㈜,"쌀, 누룩, 효모, 물엿, 정제수"
"1,000ml",5,오목대,농업회사법인 동문거리양조장㈜,"보리(국내산), 맥아(국내산), 말토텍스트린, 호프펠렛, 효모, 정제효소제, 정제수"
500ml,10,삼선,농업회사법인 두루㈜,"국내산쌀, 누룩, 정제수"
730ml,6,고타다이브,농업회사법인 두루㈜,"물, 쌀(국내산), 국, 효모 밀함유"
735ml,7,맑은내일 유자,농업회사법인 맑은내일 주식회사,"정제수, 쌀, 입국[쌀], 주정, 유자과즙, 기타과당, 누룩[밀], 효모, 아밀라아제"
360ml,16.9,밤빛머루,농업회사법인 산들벗㈜,무주 머루
375ml,9,오롯이 복숭아,농업회사법인 솔티마을,"복숭아(국내산) 68%, 설탕, 효모, 이산화탄소, 구연산"
300ml,5,우주멜론미 스파클링 막걸리,농업회사법인 시향가㈜,"정제수, 멥쌀, 찹쌀, 멜론과즙, 누룩, 설탕, 밀함유"
500ml,8,시향가,농업회사법인 시향가㈜,"물, 쌀(국내산), 건조토란(국내산), 국, 젖산, 효모, 밀"
750ml,6,산막 생유 막걸리,농업회사법인 신탄진주조㈜,"국내산 쌀, 소맥분, 종국, 효모"
500ml,16,하타,농업회사법인 신탄진주조㈜,"쌀, 쌀입국, 효모, 정제수"
360ml,45,겨울소주45,농업회사법인 아리랑주조㈜,"증류원액[쌀(국내산), 국, 효모, 효소] 100%"
500ml,12,연천 연주,농업회사법인 연천양조㈜,"쌀(국내산), 누룩, 정제수"
360ml,22,연천 우주,농업회사법인 연천양조㈜,"쌀(국내산), 누룩, 효모, 효소, 연천율무, 정제수"
750ml,8,연천 아주,농업회사법인 연천양조㈜,"쌀(국내산), 누룩, 정제수"
750ml,14,율무 동동주,농업회사법인 연천양조㈜,"쌀(국내산), 누룩, 효모, 연천 율무, 정제수"
300ml,6,김유정역,농업회사법인 예술,"쌀, 정제수, 밀누룩"
500ml,12,오매백주,농업회사법인 오산양조㈜,"쌀(국내산), 국, 효모, 정제수"
500ml,6,오산막걸리,농업회사법인 오산양조㈜,"쌀(국내산), 국, 효모, 정제수"
750ml,7%,맑은내일 Winery 단감명작,농업회사법인 우포의아침 주식회사,"단감, 정제수, 설탕, 효소제, 무수구연산, 효모, 무수아황산(산화방지제), 소브산(보존료)"
970ml,6,맑은내일 스파클링막걸리 Signature,농업회사법인 우포의아침 주식회사,"정제수, 맵쌀(국내산), 누룩, 정제효소, 아스파탐(합성감미료 / 페닐알라닌함유), 밀함유"
930ml,6.5,맑은내일 발효막걸리 Signature,농업회사법인 우포의아침 주식회사,"정제수, 백미(국내산), 누룩, 정제효소, 아스파탐(합성감미료/페닐알라닌함유), 밀함유"
480ml,12,사화정미소,농업회사법인 우포의아침 주식회사,"정제수, 찹쌀(국내산), 맵쌀(국내산), 쌀입국, 누룩, 효모, 정제효소, 밀함유"
"300ml, 700ml",14,조선주조사,농업회사법인 우포의아침 주식회사,"쌀(국내산), 입국, 누룩, 주정, 정제수"
375ml,25,여유25,농업회사법인 유한회사 양촌양조,"증류원액(쌀 국내산 100%), 정제수"
375ml,19,여유소주19,농업회사법인 유한회사 양촌양조,"증류원액(쌀: 국내산100%), 정제수"
500ml,52,이상헌 소주,농업회사법인 이가수불㈜,증류소주원액
750ml,6,다랭이팜 유자 막걸리,농업회사법인 주식회사 다랭이팜,"정제수, 유기농7분도쌀, 친환경유자원액, 혼합제과 누룩"
750ml,6,다랭이팜 생막걸리,농업회사법인 주식회사 다랭이팜,"지하정제수, 9분도쌀, 찹쌀, 혼합제제 누룩,"
750ml,6,감천막걸리,농업회사법인 주식회사 벗드림,"정제수, 멥쌀(국내산), 누룩, 효모, 밀함유"
500ml,15,화전일취 15,농업회사법인 주식회사 지시울,찹쌀(국내산) 멥쌀(국내산) 전통누룩(국내산 밀) 정제수
375ml,48,선비 진,농업회사법인 토끼소주㈜,"진증류원액, 찹쌀(국내산), 감귤(국내산)"
750ml,40,선비 보드카,농업회사법인 토끼소주㈜,"정제수, 주정, 쌀증류식소주원액"
375ml,23,토끼 소주,농업회사법인 토끼소주㈜,"정제수, 찹쌀, 누룩, 효모, 효소제\"
350ml,10.5,냥이탁주 화이트,농업회사법인 행주산성주가,"정제수, 쌀, 누룩, 밀함유"
375ml,13,지리산 강쇠,농업회사법인(유)술소리,"정제수, 쌀, 누룩, 오가피, 산수유, 오미자, 정백당 ,구연산, 정제효소, 야관문"
375ml,16,주몽복분자주,농업회사법인(유)술소리,"국내산 쌀, 국내산 복분자"
375ml,13,황진이주,농업회사법인(유)술소리,"국내산 오미자, 국내산 산수유"
750ml,6,천마이야기 막걸리,농업회사법인산들벗㈜,"팽화미, 입국미, 무주천마분말, 오미자추출액"
375ml,12,블루베리 이야기,농업회사법인산들벗㈜,"국내산 산머루 50%, 블루베리 50%"
500ml,9,오마이갓스파클링,농업회사법인송도향(유),"정제수, 목련발효청, 쌀, 입국, 쌀보리, 고구마, 탄산가스, 누룩, 효모, 정제효소"
700ml,6,송도막걸리,농업회사법인송도향(유),"정제수, 쌀(국내산), 쌀보리(국내산), 고구마(국내산), 레몬, 자일리톨, 종국, 효모, 정제효소"
375ml,15,도원결의,농업회사법인영덕주조,"정제수, 쌀, 복숭아, 조효소제, 효모, 젖산, 정제효소제, 효소처리스테비아, 구연산, 복숭아향"
375ml,18.8,해방주,농업회사법인영덕주조,해방풍연한잎(국내산)
750ml,6,대대포 막걸리,농업회사법인㈜담양죽향도가,"쌀, 벌꿀, 정제수, 정제효소, 스테비올배당체, 젖산, 종국, 효모"
750ml,11,도깨비술 11,농업회사법인㈜도깨비양조장,"정제수, 쌀, 국,효모"
500ml,15,애석,농업회사법인㈜두루,"국내산쌀, 누룩, 정제수"
375ml,22,진맥소주 22%,농업회사법인㈜밀과노닐다,유기농 우리밀 100%
500ml,10,볼빨간막걸리 10,농업회사법인㈜벗드림,"찹쌀(국내산), 누룩, 정제수"
750ml,6,봉하쌀 생막걸리,농업회사법인㈜봉하마을,"쌀(국내산), 정제효소, 젖산, 효모, 아스파탐, 정제수"
750ml,12,붉은진주 머루와인 드라이,농업회사법인㈜붉은진주,"머루(99.965%), 무수아황산(산화방지제) 0.035%"
750ml,12,붉은진주 머루와인 스위트,농업회사법인㈜붉은진주,"머루.(91.445%), 백설탕 (8.5%), 무수아황산(산화방지제) (0.035%), 소르빈산(보존료) (0.02%)"
500ml,10,백자주,농업회사법인㈜산수,"국내산 찹쌀, 멥쌀, 잣, 누룩, 정제수"
500ml,8,동정춘,농업회사법인㈜산수,"쌀, 누룩, 정제수"
800ml,35%,백이주,농업회사법인㈜세찬,"쌀(국산), 홍마늘액(국산), 감초(국산), 개량누룩(국산), 효모, 정제효소제, 정제수, 밀함유"
375ml,15%,당당하리,농업회사법인㈜세찬,"쌀(국산), 홍마늘(국산), 감초(국산), 효모, 개량누룩, 정제효소제, 정제수, 복분자(국산), 설탕, 올리고당, DL-사과산, 구연산, 무수이황산"
750ml,16,명가원 산머루주,농업회사법인㈜솔송주,"머루(국내산)49.22%, 정제수, 주정(45%), 설탕, 액상과당, 효모, 구연산, 호박산"
500ml,10,청주신선주탁주,농업회사법인㈜신선,"청원생명쌀(청주산), 정제수, 찹쌀(국내산), 전통누룩(국내산)(밀함유), 약재(국화, 쇠무릅, 당귀, 하수오, 구기자, 맥문동, 인삼, 육계(계피), 숙지황, 생지황)"
750ml,6,죽향 생 막걸리,농업회사법인㈜죽향도가,"쌀(국내산), 정제효소, 젖산, 효모, 아스파탐, 정제수"
600ml,6,담향 대대포 블루,농업회사법인㈜죽향도가,"백미(국내산, 무기농 무농약), 벌꿀(국내산), 정제수"
360ml,40,밀담40,농업회사법인㈜착한농부,"단수수(국내산)증류원액, 정제수"
350ml,40,예천주복 만월24,농업회사법인㈜착한농부,"복분자(국내산)증류원액, 복분자(국내산)과즙, 정제수"
375ml,36.5,예천주 사월365,농업회사법인㈜착한농부,"오미자(국내산)증류원액, 건오미자(국내산)추출액, 정제수"
375ml,24,예천주 사월24,농업회사법인㈜착한농부,"오미자(국내산)증류원액, 건오미자(국내산)추출액, 정제수"
360ml,25,착한농부 막시모 25,농업회사법인㈜착한농부,"단수수(국내산)증류원액, 주정, 오미자(국내산)추출액, 합성향료(오미자향, 복분자향), 캬라멜, 정제수"
360ml,17,착한농부 막시모 17,농업회사법인㈜착한농부,"단수수(국내산)증류원액, 주정, 오미자(국내산)추출액, 합성향료(오미자향, 복분자향), 캬라멜, 정제수"
200ml,40,착한농부 막시모파인오크 40,농업회사법인㈜착한농부,"단수수(국내산)증류원액, 오미자(국내산)추출액, 합성향료(오미자향, 복분자향), 정제수"
500ml,40,진안블랙,농업회사법인㈜태평주가,"팽화미, 블랙보리, 누룩, 수삼, 홍삼농축액, 보리침출 주정(이상 국내산), 효모, 정제수"
375ml,25,북한강25,농업회사법인㈜화천주가,"쌀(화천군), 누룩(국내산), 효모(토종), 정제수 [밀(곡류)함유]"
750ml,10,화천용화산,농업회사법인㈜화천주가,"정제수,쌀(화천군),곡자(밀/국내산),이소말토올리고당,효모, 정제효소제 밀함유"
650ml,5.5,라봉,다도참주가,"물, 쌀(국내산), 한라봉(국내산), 올리고당, 누룩, 아스파탐(감미료, 페닐알라닌함유),"
650ml,5.5,딸링 막걸리,다도참주가,"물, 쌀, 올리고당, 딸기, 누룩, 조제종국, 효모, 아스파탐(감미료, 페닐알라닌 함유)"
650ml,5.5,참주가 솔 막걸리,다도참주가,"물, 쌀(국내산), 솔잎(국내산), 당귀(국내산), 한라봉(국내산), 누룩, 올리고당, 아스파탐(감미료, 페닐알라닌함유), 조제종국, 효모 밀,우유함유"
750ml,7,오곡 진상주,대강양조장,"쌀, 밀, 보리, 옥수수, 조 등"
300ml,20,호담 300ml,대농바이오우리산삼,"산양산삼, 정제수, 주정"
375ml,20,산삼가득 명술,대농바이오우리산삼,"국내산 주정, 국내산 산양산삼 5년근"
350ml,13,만품 산삼가득,대농바이오우리산삼,"국내산쌀(경기미), 국내 산양산삼"
750ml,6,호담 산양산삼 막걸리,대농바이오우리산삼,"쌀(경기미), 입국, 산양산삼, 정제수, 아스파탐"
"400ml, 500ml",40,"진도홍주, 만홍",대대로영농조합법인,"국내산 쌀, 국내산 지초"
375ml,40,진도홍주 루비콘,대대로영농조합법인,"쌀, 누룩, 지초, 정제수"
"375ml, 500ml, 700ml","35, 40","진도홍주 아라리35%, 루비콘40%",대대로영농조합법인,"국내산 쌀, 국내산 지초"
375ml,38,명품홍주,대대로영농조합법인,"쌀, 지초"
375ml,38,진도 백주,대대로영농조합법인,"쌀(국내산)100%, 정제수, 조제종국, 효모, 지초(국내산), 올리고당, 구연산, 알라닌"
300ml,13,대윤 가야곡 왕주,대윤가야곡주조,"쌀, 누룩, 효모, 물엿, 정제수"
375ml,13,모을동주 약주,대작영농조합법인,"쌀(국내산), 조제종국 효모, 정제효소, 정제수"
330ml,5,멜론서리,댄싱사이더 컴퍼니,"사과즙(국산), 멜론과즙(국산), 정제수, 건조녹차(국산), 탄산가스, 페퍼민트티, 사과산(산도조절제), 구연산(산도조절제), 효모, 메타중아황산칼륨, 멜론항아황산류함유"
"330ml, 750ml",5,신애유자,댄싱사이더 컴퍼니,"사과즙(국산), 정제수, 벌꿀(국산), 생강즙(국산), 유자과즙(국산), 탄산가스, 로즈마리티, 사과산(산도조절제), 구연산(산도조절제), 천일염, 메타중아황산칼륨, 효모아황산류"
750ml,4.5,루드베리,댄싱사이더 컴퍼니,"사과즙(국산), 정제수, 딸기퓌레(국산), 건조레몬그라스(국산), 탄산가스, 동결건조딸기분말(국산), 바질잎, 사과산(산도조절제), 효모, 메타중아황산칼륨(산화방지제), 아황산류함유"
750ml,6.4,요새로제,댄싱사이더 컴퍼니,"사과즙(국산), 오미자, 라즈베리차, 정제수, 효모, 사관산(산도조절제), 탄산가스, 메타중아황산칼륨(산화방지제)"
330ml,4.6,댄싱사이더 치키피치,댄싱사이더 컴퍼니,"사과즙, 정제수, 복숭아즙, 벌꿀, 복숭아티, 사과산, 구연산, 효모, 메타중아황산칼륨, 아황산류 함유"
750ml,4.5,문앞에봄,댄싱사이더 컴퍼니,"사과산,바질잎,동결건조딸기분말,이산화탄소,사과즙,정제수,딸기퓌레,설탕,건조레몬그라스,효모,메타중아황산칼륨"
750ml,15,원매,더한주류,"매실원주액, 매실청, 꿀, 카라멜, 효소처리스테비아, 정제수"
375ml,25,서울의 밤,더한주류,"매실증류주원액, 벌꿀, 포도당, 노간주나무열매, 정제수"
300ml,"13, 15, 20",매실원주 허니,더한주류,"국내산 황매  80%, 청매20%"
700ml,20,원매 프리미엄,더한주류,국내산 황매실
600ml,30,천매,더한주류,매실
375ml,17,명랑 스컬,더한주류,"매실증류주원액, 벌꿀, 포도당, 노간주나무열매, 정제수"
750ml,20,원매,더한주류,"매실원주액, 매실청, 꿀, 카라멜, 효소처리스테비아, 정제수"
750ml,12,무주구천동머루와인,덕유양조,머루
750ml,7,도깨비술 7,도깨비양조장,"국내산 멥쌀, 누룩, 효모, 정제수"
750ml,9,도깨비술 9,도깨비양조장,"국내산 멥쌀, 누룩, 효모, 정제수"
375ml,12,샤토미소 랑,도란원,청수
750ml,13,샤토미소 레드 드라이,도란원,"MBA, 산머루, 캠벨 얼리"
750ml,12,샤토미소 레드 스위트,도란원,"포도, 산화방지제, 효모, 설탕 등"
375ml,12,샤토미소 로제스위트와인,도란원,국내산 포도원액
200ml,40,샤토미소 영동,도란원,포도
375ml,12,미소 아이스,도란원,"포도, 산화방지제, 효모"
375ml,12,샤토미소 아이스와인,도란원,"포도(국내산100%), 메타중아황산칼륨, 소르빈산칼륨, 효모"
"375ml, 750ml",12,샤토미소 웨딩 자두와인,도란원,"자두(국내산100%), 메타중아황산칼륨, 소르빈산칼륨, 설탕, 효모"
"1,000ml",6,DOK막걸리,독브루어리,"정제수, 맵쌀, 찹쌀, 누룩, 효소, 효모"
750ml,13,레드듀 RED DEW,동강산머루영농조합법인,무농약머루
920ml,6,얼떨결에,동강주조,"쌀(국내산), 정제수, 정제효소, 효모, 젖산, 기타과장, 곡자(밀)"
935ml,6,얼떨결에 퍼플,동강주조,"쌀(국내산), 찰보리쌀(국내산), 포도즙(국내산), 정제수, 정제효소, 효모, 젖산(산도조절제), 기타과당, 곡자(밀), 밀함유"
950ml,6,부안참뽕막걸리,동진주조,"쌀(국내산) 오디과즙,스테비올배당체,스쿠랄로스"
750ml,13,부안참뽕와인,동진주조,"정제수, 오디(국내산), 주정, 과당"
750ml,6,영일만친구 막걸리,동해명주,"국내산 쌀, 물엿, 우뭇가사리, 효모, 조제 종국, 정제효소제, 아스파탐, 젖산"
750ml,6,도구막걸리,동해명주,"정제수, 밀가루, 효모, 조제종국, 정제효소제, 젖산, 아스파탐, 아세설팜칼륨"
750ml,6,세오녀탁주,동해명주,"정제수, 쌀(국내산, 포항쌀), 누룩, 효모, 조제종국, 정제효소제, 젖산"
750ml,6,동해동동주,동해명주,쌀100%(포항쌀)
750ml,12,연오랑탁주,동해명주,"정제수, 쌀(국내산, 포항쌀), 누룩, 효모, 조제종국, 정제효소제, 젖산"
750ml,6,북극곰 막걸리,동해명주,"정제수, 쌀(국내산_포항유기농쌀), 물엿, 효모, 국, 정제효소제, 아스파탐(합성감미료, 페닐알라닌함유), 아세설팜칼륨(합성감미료), 젖산(산도조절제), 밀 함유"
750ml,6,도구막걸리,동해명주,"밀(외국산), 쌀(국내산, 외국산), 물엿, 효모, 조제종국, 정제효소제, 아스파탐, 젖산"
500ml,45,메밀로,두루,"국내산 쌀, 메밀, 누룩, 정제수"
500ml,12,대관람차,두루미양조장 / 구름아양조장,
750ml,8,술헤는밤,두루전통양조,"쌀(국내산), 누룩(국내산)"
500ml,15,희양산 막걸리 15도,두술도가,"정제수, 쌀(국내산), 누룩(국내산), 효모"
750ml,9,희양산 막걸리 9도,두술도가,"정제수, 쌀(국내산), 누룩(국내산), 효모"
"360ml, 750ml",14,구기홍주 14,두이술공방,"국내산 쌀, 국, 구기자추출액, 올리고당, 효모, 효소, 아세설팜칼륨, 정제수"
360ml,25,겨울소주 25,두이술공방,"국내산 쌀, 증류원액, 효모, 효소, 정제수"
600ml,8,걍즐겨,디오케이브루어리,"멥쌀,찹쌀,누룩,프렌치세종,석류,히비스커스"
375ml,23,대장부23,롯데칠성음료,"정제수, 쌀, 효모, 종국, 보리"
"950ml, 475ml",8,설하담,리큐랩주식회사,"국내산 멥쌀 100%, 개량 누룩, 정제수, 이산화탄소"
375ml,8,솜솜 막걸리,마깨주,"쌀, 누룩, 물"
500ml,12,문삼이공(moon320) 잣 주,마마스팜,"찹쌀19.02%, 멥쌀13.16%, 누룩3.3%, 잣1.02%, 정제수63.5%"
750ml,6,백년친구 쌀막걸리,만수주조(영농조합법인),"백미, 소맥분"
"750ml, 900ml",6,백년친구 풍기홍삼막걸리,만수주조(영농조합법인),"국내산 쌀, 홍삼"
200ml,40,진맥 소주,맹개술도가,통밀 소주원액
375ml,8,메들리손막걸리,메들리 주식회사,"쌀, 누룩"
375ml,7,메들리아카시아,메들리 주식회사,"꿀, 물, 효모"
700ml,18,면천두견주 700,면천두견주,"국내산 찹쌀, 누룩, 진달래꽃"
360ml,18,면천두견주 360,면천두견주,"국내산 찹쌀, 누룩, 진달래꽃"
500ml,14,매실향기 담은 술,명세주가,"국내산 쌀, 효모, 조효소재, 물엿, 아스파탐, 정제수"
360ml,22,명인 안동소주 22%,명인안동소주,"쌀(국내산), 누룩, 정제수"
800ml,45,명인 안동소주 하회탈,명인안동소주,국내산 쌀 100%
800ml,45,명인 안동소주,명인안동소주,국내산 쌀 100%
800ml,45,명인 안동소주 양반탈,명인안동소주,"국내산 쌀, 누룩, 정제수"
300ml,16,대천바다 금빛,명주도가,"찹쌀, 밀, 누룩"
360ml,30,느낌 30,명품 안동소주,"국내산 백미, 누룩, 효모, 정제수"
360ml,19.8,느낌 19.8,명품 안동소주,"국내산 백미, 누룩, 효모, 정제수"
200ml,45,각시탈,명품안동소주,"쌀증류원액(쌀: 국내산), 정제수, 발효주정"
500ml,16,모월 청,모월,"쌀(국내산), 누룩, 정제수"
500ml,13,모월 연,모월,"국내산 쌀, 밀누룩(국산)"
500ml,41,모월 인,모월,"국내산 쌀, 정제수, 밀누룩"
500ml,25,모월 로,모월,"쌀(국내산), 누룩, 정제수"
150ml,25,모월로미니,모월,"쌀(국내산), 누룩, 정제수"
150ml,41%,모월인미니,모월,"쌀(국내산), 누룩, 정제수"
750ml,5.5,소풍,몬스터빌리지,"정제수, 쌀(국내산산청메뚜기쌀), 입국, 에리스리톨, 포도당, 효소처리 스테비아, 혼잡제제(효모, 유당, 넥스트린), 효소제, 탄산칼슘, 우유"
750ml,7,설레 7도,몬스터빌리지,"정제수, 쌀(국내산산청메뚜기쌀), 국, 효모, 밀함유"
750ml,13,맑은 문희주,문경주조,"국내산 유기농찹쌀, 국내산 멥쌀, 전통누룩, 정제수"
500ml,8.5,오희 스파클링 막걸리,문경주조,"백미, 건오미자, 조효소제, 효모, 정제수"
750ml,12,구름을 벗삼아,문경주조,"백미(국내산: 지역햅쌀 100%), 우리밀 전통누룩"
750ml,6.5,오미자 생막걸리,문경주조,"정제수, 백미(국내산), 입국(쌀, 밀), 올리고당, 물엿, 허브(유기농), 오미자 2.4%(국내산, 문경로동산), 정제효소, 아스파탐·아세셀펌칼륨(함성감미료, 메닐알라닌 함유)"
700ml,13,문희 탁주,문경주조,국내산 쌀
750ml,12,오미로제 스파클링 와인,문경주조,국내산 오미자
700ml,18,호산춘,문경호산춘,"멥쌀(국내산), 찹쌀(국내산), 정재수, 누룩, 솔잎, 밀(곡류)함유"
"500ml, 1000ml",40,문배술,문배주양조원,"국내산 찰수수, 국내산 메조"
200ml,40,문배술 헤리티지 40도,문배주양조원,"메조, 찰수수, 쌀"
375ml,25,문배술 헤리티지 25도,문배주양조원,"메조, 찰수수, 쌀"
375ml,16,경산대추약주 추,미송주가,"찹쌀, 맵쌀 , 누룩, 대추 (국내산100%)"
400ml,45,민속주 안동소주,민속주안동소주,"국내산 쌀, 누룩, 정제수"
750ml,13,가야곡왕주,민속주왕주,"쌀, 야생 국화, 구기자, 오미자, 솔잎, 매실"
"350ml, 750ml","36.5, 56",소호,밝은세상영농조합,"평택 쌀(발아 현미, 백미), 누룩, 정제수, 대나무잎"
"350ml, 750ml",6.5,호랑이배꼽,밝은세상영농조합,"평택 쌀(현미 40%, 백미 60%), 누룩, 정제수, 정백당"
750ml,10,도문대작 생막걸리,방풍도가,"강릉 쌀, 누룩, 갯방풍나물, 정제수"
500ml,12,김천 배금도가,배금도가,"찹쌀, 멥쌀, 누룩"
500ml,16,주교주,배다리도가,"쌀(국내산), 누룩, 정제수, 정제효소, 효모"
500ml,7.5,가와지탁주,배다리도가,"효모, 입국, 가와지쌀"
450ml,6,아띠,배상면주가,쌀(국내산)
330ml,10,심술 10,배상면주가,"정제수, 옥수수전분, 기타과당, 백설탕, 주정, 젖산, 과채가공품, 이산화탄소,국,활성건조효모,아세설팜칼륨"
330ml,7,심술 7,배상면주가,"정제수, 옥수수전분, 기타과당, 백설탕, 주정, 젖산, 과채가공품, 이산화탄소,국,활성건조효모,아세설팜칼륨"
500ml,6,심술6 막걸리,배상면주가,"쌀(국내산), 국(입국), 건조효모, 아세설팜칼륨, 아스파탐"
500ml,40,오매락퍽,배상면주가,국내산 배증류원액
500ml,40,오매락,배상면주가,"배를 증류한 원액, 정제수, 설탕, 매실, 오매(구운 매실)"
330ml,13,민들레대포,배상면주가,"쌀, 누룩, 민들레"
750ml,6,느린마을 막걸리,배상면주가,"쌀, 국, 효모, 정제수"
500ml,25,감아락 25,배상면주가,"국내산 쌀, 감증류원액"
375ml,21,느린마을소주21,배상면주가,"쌀, 정제수, 입국, 조효소제, 건조효모"
375ml,12,복분자음,배상면주가,"복분자(국내산), 정제수"
370ml,7,빙탄복,배상면주가,복분자
500ml,40,복분자아락40,배상면주가,"복분자증류원액(국내산), 정제수"
500ml,40,오디아락40,배상면주가,오디증류주원액
360ml,16.9,느린마을 증류주,배상면주가,쌀(국내산)
180ml,3.8,심술 알쓰,배상면주가,복분자
700ml,12,느린마을 약주,배상면주가,"정제수, 쌀(국내산), 기타과당, 설탕, 국[곡자(밀), 조효소제(밀), 정제효소제], 젖산, 건조효모"
750ml,10,우곡생주,배혜정도가,"국내산 쌀, 누룩, 효모, 정제수"
750ml,6,호두땅콩막걸리,배혜정도가,"물, 쌀(국내산), 고과당, 국(밀), 땅콩(국내산)"
750ml,4,메로니아,배혜정도가,"국내산 쌀, 물엿, 합성착향료(메론향), 효모, 국, 혼합제제, 아스파탐, 젖산, 합성 향료(밀크향), 효소처리스테비아, 멜론농축액"
750ml,6,호랑이 생 막걸리,배혜정도가,"물, 쌀(국내산),에리스리톨, 효모, 국, 젖산, 합성향료,밀함유"
750ml,4,메로니아,배혜정도가,"쌀, 국, 효모, 젖산, 멜론 향, 물엿 등"
375ml,7,매실탁테일,배혜정도가,"국내산 백미, 매실천연과즙"
700ml,55,이담,배혜정도가,"국내산 쌀, 국내산 배"
350ml,40,로아40 옐로우,배혜정도가,"쌀(국산), 배(국산)"
375ml,13,우곡주,배혜정도가,쌀
375ml,7,매화마름 호랑이 막걸리,배혜정도가,쌀
375ml,9,부자 송산포도,배혜정도가,"쌀, 누룩, 포도즙"
"375ml, 300ml, 300ml","10, 13, 16",부자,배혜정도가,"쌀, 정제수, 고과당, 효모 등"
350ml,40,배도가 로아 40도 옐로우,배혜정도가,"국내산 쌀, 국내산 배"
350ml,40,로아40 레드,배혜정도가,사과소주원액
350ml,12,배도가 심플리 애플,배혜정도가,"정제수, 사과즙(국산), 쌀(국산), 벌꿀(국산), 천연향료(사과향), 구연산, 국, 효모, 비타민C, 밀함유"
375ml,14,매화마름,배혜정도가,"물, 유기농 갈색설탕(필리핀산), 유기농쌀(국내삼), 국, 효모, 산도조절제, 잔탄검(밀함유)"
350ml,19,로아19레드,배혜정도가,"사과소주원액(사과(국내산), 설탕, 효모, 메타중아황산칼륨(산화방지제), 셀룰라아제), 정제수"
350ml,19,로아19옐로우,배혜정도가,"배소주원액(배(국내산), 쌀(국내산), 물, 효모, 국, 젖산), 물"
350ml,40,로아40퍼플,배혜정도가,"포도소주원액(포도(국내산), 효모, 설탕, 메타중아황산칼륨(산화방지제), 정제수"
350ml,19,로아19화이트,배혜정도가,"물, 쌀소주원액(쌀(국내산), 국, 효모, 젖산, 물), 주정, 벌꿀(국내산, 천연), 아카시아향(합성착향료)"
350ml,40,로아40화이트,배혜정도가,"쌀소주원액(쌀(국내산), 물, 국, 효모, 젖산), 물, 주정, 벌꿀(국내산, 천연), 아카시아향(합성착향료)"
750ml,6,생 옥수수 동동주,배혜정도가,"쌀, 옥수수분말, 물엿, 국, 효모, 젖산, 치자분말추출물, 아스파탐, 구연산, 효소처리 스테미아 밀함유"
750ml,7,매실 막걸리,백운주가,"쌀, 매실과즙"
360ml,11,백운 복분자 와인,백운주가,"쌀, 토종 복분자과즙"
360ml,13,백운복분자주,백운주가,"국내산 쌀, 국내산 복분자"
375ml,8,매화깊은밤,백제명가주조,"쌀(국산), 매실(국산), 누룩(국산)밀함유, 정제효소제, 효모, 설탕, 조제종국, 정제수"
375ml,8,보리수헤는밤,백제명가주조,"쌀(국산), 보리수(국산), 매실(국산), 홍국쌀, 누룩(국산)밀함유, 정제효소제, 효모, 설탕, 조제종국, 정제수"
750ml,6,청량주,법전양조장,"백미, 누룩, 종국, 효모"
500ml,13,라이스퐁당,벗드림양조장,"정제수, 찹쌀, 누룩, 삼지구엽초, 감초"
500ml,7,볼빨간막걸리 7,벗드림양조장,"정제수, 찹쌀, 누룩"
1000ml,6,관악산생막걸리,별네트웍스 과천도가,"정제수, 멥쌀(국내산), 국, 효모, 밀함유"
750ml,6,병영설성 생막걸리,병영양조장,"쌀(국내산), 효모, 누룩, 정제수"
1700ml,6,병영설성 동동주,병영양조장,"쌀(국내산), 전분, 효모, 누룩, 정제수"
700ml,40,병영소주,병영양조장,"정제수, 보리증류식 소주원액(보리: 국내산)"
750ml,6,설성 만월 막걸리,병영주조장,"정제수, 유기농쌀국내산, 누룩, 유기농올리고당 등"
750ml,40,병영설성사또,병영주조장,"국내산 쌀, 국내산 오디, 국내산 복분자"
375ml,18,청세주,병영주조장,국내산 쌀
500ml,12,보석막걸리,보석양조장,"정제수, 쌀(국내산), 국, 효모"
350ml,15,보성 강하주,보성강하주,국내산 찹쌀100%
935ml,10,복순도가 탁주,복순도가,"정제수, 쌀(국산), 곡자(밀), 밀함유"
935ml,6.5,복순도가 손막걸리,복순도가,"정제수, 쌀(국산), 곡자(밀), 물엿, 설탕, 아스파탐(감미료,페닐알라닌함유)"
750ml,10,복순도가 약주,복순도가,"정제수, 쌀(국산), 곡자(밀)"
935ml,6.5,빨간쌀막걸리,복순도가,
750ml,15,복순도가 과하주,복순도가,"쌀(국산), 곡자(밀), 정제수"
935ml,6.5,복순도가 슈퍼드라이,복순도가,"정제수, 쌀(국산), 곡자(밀)"
375ml,12,백수환동주,봇뜰,"쌀, 정제수, 누룩"
750ml,10,봇뜰 막걸리 10도,봇뜰,"쌀, 정제수, 누룩, 밀 함유"
750ml,6,불로생우리쌀막걸리,불로생우리쌀막걸리,국내산 쌀
"35-750ml, 45-800ml","35, 45",포항불로주,불로주,국내산 쌀
750ml,12,시나브로 레드 드라이,불휘농장,캠벨얼리
750ml,12,시나브로 청수 화이트,불휘농장,청수 100%
750ml,5,시나브로 에뚜왈 로제 스파클링,불휘농장,포도(캠벨얼리)
500ml,10,시나브로 로제와인,불휘농장,포도(캠벨얼리)
750ml,12,시나브로 레드 스위트,불휘농장,포도(캠벨얼리)
750ml,12,시나브로 드 글로리아,불휘농장,포도(캠벨얼리)
750ml,5,시나브로 에뚜왈 화이트 스파클링와인,불휘농장,국산포도(영동포도)
750ml,12,붉은진주머루와인,붉은진주,"머루, 정백당, 아황산칼륨, 소르빈산칼륨"
500ml,13,베리와인1168 스위트와인,블루컴퍼니,포도 87%
330ml,25,왕율주,사곡양조원,"국내산 쌀, 밤, 누룩, 정제수"
375ml,15,공주애 오디와인,사곡양조원,"국내산 오디, 정제수, 주정, 과당, 효모"
750ml,6,공주알밤 왕밤주,사곡양조장,"공주밤(국내산), 백미(국내산), 아스파탐"
330ml,25,진쾌남,사곡양조장,"국내산 쌀, 밤, 누룩, 구기자, 오미자, 산수유, 오가피, 동충하초, 정제수"
375ml,13.5,밤꽃향기,사곡양조장,"국내산 쌀, 밤, 누룩, 정제수"
750ml,12,소백산(샤토소백) 스위트 레드와인,산내들 와이너리,국내산포도 100%
350ml,12,머루이야기,산들벗㈜,국내산 머루(전북 무주)
375ml,40,산막와이너리 증류주 환희,산막 와이너리,국내산 캠벨얼리 100%
500ml,20,"산막와이너리, 초련",산막 와이너리,"포도, 아황산칼륨, 백설탕, 증류주"
750ml,13,"산막와이너리, 아로퓨어",산막와이너리,"아로니아, 아황산칼륨, 백설탕"
750ml,12,"산막와이너리, 라라",산막와이너리,"포도, 아황산칼륨, 백설탕"
750ml,13,"산막와이너리, 비원퓨어",산막와이너리,"포도, 아황산칼륨, 백설탕"
750ml,13,"산막와이너리, 미",산막와이너리,"포도, 아황산칼륨, 백설탕"
750ml,13,"산막와이너리, 비원",산막와이너리,"포도, 아황산칼륨, 백설탕"
750ml,13,"산막와이너리, 화몽",산막와이너리,"포도, 아황산칼륨, 백설탕"
360ml,12,감악산 산머루주,산머루농원,"머루원액 78.5%(경기 파주), 주정(국내산, 수입산)"
"750ml, 360ml",16,무주구천동산머루주,산머루농원,머루
"500ml, 700ml",12,너와머루와인,산머루농원영농조합법인,국내산 산머루 100%
500ml,12,도로시 머루주,산머루농원영농조합법인,"국내산 산머루원액 78.5%, 주정"
500ml,12,호모루덴스,산수양조장,"쌀, 누룩, 정제수"
750ml,12,찹쌀 생막걸리 12도,삼산주조장,"찹쌀, 멥쌀, 누룩"
750ml,9,찹쌀생막걸리 9도,삼산주조장,"찹쌀(해남산), 멥쌀(해남산), 누룩"
"1,700ml",6,두륜탁주,삼산주조장,"쌀, 밀가루, 누룩, 당귀"
500ml,15,삼양춘 청주,삼양춘,"정제수, 찹쌀, 맵쌀, 누룩"
500ml,15,삼양춘 생약주,삼양춘,"강화섬쌀, 전통누룩, 정제수"
500ml,13,삼양춘 스파클링,삼양춘,"정제수, 쌀(국내산), 전통누룩(밀), 탄산가스, 효모, 정제효소제"
500ml,14,오 마이 갓,삼양춘,"정제수, 쌀(국내산), 입국, 전통누룩(밀), 백설탕, 백목련꽃잎, 효모"
360ml,18,엄청주,삼오식품,"엄나무(국내산), 천일염, 토종꿀(국내산), 정제수"
750ml,6,도갓집 막걸리,삼호주조장,"정제수, 쌀(국내산), 국(국내산), 물엿, 누룩(밀함유), 효모, 아세설팜칼륨(감미료)"
750ml,12,너브내 로제 스파클링,샤또나드리,"국산포도 효모, 설탕, 아황산나트륨, 수트랄로스, 자일리톨"
750ml,12,너브내 스파클링 화이트,샤또나드리,"국산포도 효모, 설탕, 아황산나트륨, 수트랄로스, 자일리톨"
500ml,15,서울골드,서울양조장,"멥쌀, 찹쌀, 누룩, 정제수"
750ml,5,인생막걸리,서울장수㈜,"정제수,팽화미,팽화밀가루,말토올리고당,국,혼합제제효모,아스파탐,아세설팜칼륨"
750ml,6,장홍삼 장수 막걸리,서울장수㈜,"백미,말토올리고당,홍삼분말"
350ml,6,월매 쌀막걸리(캔),서울장수㈜,"백미, 말토올리고당, 정제수"
750ml,6,장수 생막걸리,서울장수주식회사,"백미(국내산), 말토올리고당, 홍삼분말"
500ml,13.5,단홍,서울효모방,"정제수, 찹쌀(국내산), 개량누룩, 효모, 유산균, 라즈베리(폴란드산), 히비스커스, 화자오, 비트(국내산), 우뭇가사리"
500ml,12.8,온섶,서울효모방,"정제수, 찹쌀(국내산), 개량누룩, 효모, 유산균, 계피, 생강, 감초, 넛맥, 파인애플(외국산)"
720ml,13,석로주,석이원주조,"국내산 쌀, 석이버섯, 누룩, 효모, 정제수"
500ml,15,벗이랑 강황,석이원주조,"쌀(국내산), 정제수, 강황(국내산), 프락토올리고당(국내산)"
500ml,15,벗이랑 버찌 홍국,석이원주조,"쌀(국내산), 정제수, 버찌;(국내산), 홍국쌀(국내산), 프락토올리고당(국내산)"
500ml,15,벗이랑 조릿대 산죽,석이원주조,"쌀(국내산), 정제수, 고려조릿대(국내산), 프락토올리고당(국내산)"
500ml,13,자자헌주,석이원주조,"정제수, 멥쌀(국내산), 석이버섯약재추출물(국내산), 누룩(밀함유), 효모"
375ml,17.3,독도소주,설악프로방스배꽃마을,"쌀 증류주 원액, 해양심층수, 주정, 에리스리톨, 결정과당, 고과당, 효소처리스테비아"
360ml,17.5,동해소주,설악프로방스배꽃마을,"쌀 증류주, 해양 심층수, 주정, 에리스리톨, 결정과당, 고과당, 효소처리스테비아"
"750ml, 1700ml",6,행운 생유자 동동주,성포양조장,"쌀(국내산), 소맥분(미국산), 전분당, 정제수, 유자과즙, 치자, 정제효소, 종국, 효모, 젖산, 아스파탐"
750ml,6,성포 생막걸리,성포양조장,"쌀(국내산), 소맥분(미국산), 전분당, 정제수, 무농약 미나리추출액, 정제효소, 종국, 효모, 아스파탐"
750ml,6,팔공산미나리 생막걸리,성포양조장,"쌀, 소맥분, 전분당, 정제수, 무농약 미나리추출액, 정제효소, 종국, 효모, 아스파탐, 밀 함유"
750ml,12,소계리 595 스위트 레드와인,소계리 와이너리,"포도(국내산), 설탕, 효모, 메타중아황산칼륨"
750ml/ 1700ml,6,소양강 생 막걸리,"소양강도가(구, 천정양조장)","백미, 소맥분, 정제수, 팽화미, 아스파탐, 물엿, 정제수"
720ml,18,자연송이주,솔래원,자연송이버섯
700ml,30,설궁,솔래원,"자연산 송이버섯, 산양산삼, 토종벌꿀"
375ml,13,솔송주,솔송주,"백미(국내산) 90%, 솔잎·송순(국내산) 10%"
750ml,16,명가원 복분자술,솔송주,"복분자(37.65%), 주정, 정제수, 구연산, 호박산, 정제식염, 액상과당, 효모, 설탕"
375ml,15,녹파주,솔송주(명가원),"국내산 찹쌀, 멥쌀, 누룩, 정제수"
"500ml, 750ml",40,담솔,솔송주(명가원),"백미(함양산) 90%, 솔잎·송순(함양산) 10%"
500ml,12.5,삼양춘 생탁주,송도향전통주조,"강화섬쌀, 전통누룩, 정제수"
700ml,48,송로주,송로주,"멥쌀, 솔옹이, 솔잎, 복령"
700ml,38,송화백일주,송화양조원,"송화, 솔잎, 산수유, 오미자, 구기자"
375ml,11.5,산머루 크라테 로제,수도산와이너리,산머루
750ml,11.5,산머루 크라테 드라이,수도산와이너리,산머루
750ml,11.5,산머루 크라테 스위트,수도산와이너리,산머리(국내산)
375ml,8.5,크라테 자두와인,수도산와이너리,"자두(국내산) 95.97%, 효모, 설탕, 메타중아황산칼륨(산화방지제)"
750ml,11.5,크라테 미디엄드라이,수도산와이너리,산머루(100%)
375ml,11.5,크라테 화이트스위트,수도산와이너리,청수(100%)
750ml,6,왕매실 막걸리,순성왕매실영농조합,"국내산쌀, 매실원액1%"
375ml,12,성읍민속마을 오메기술,술다끄는집,"좁쌀, 누룩"
500ml,14,바텐더의막걸리,술담화,"정제수, 멥쌀, 국, 효모, 기타과당, 물엿, 구연산, 아스파탐"
375ml,15,맑은바당,술도가 제주바당,"쌀(국내산), 국(밀누룩)"
500ml,40,제주낭만,술도가제주바당,"쌀, 백도라지"
500ml,40,키위술,술도가제주바당,"그린키위, 골드키위"
500ml,40,메밀이슬,술도가제주바당,"메밀(제주산), 입국(국내산), 효모, 정제수"
250ml,45,사십오도,술빚는전가네,"쌀, 효모, 젖산, 옥분, 억새어린순, 지초뿌리, 정제수"
250ml,40,입술,술빚는전가네,"쌀 효모, 젖산, 옥분, 억새어린순, 야관문, 정제수"
350ml,10,주홍춘,술빚는전가네,"포천쌀, 흑미찹쌀, 전가네이화곡, 연잎, 정제수"
250ml,61,육십일도,술빚는전가네,"쌀, 효모, 젖산, 옥분, 억새어린순, 지초뿌리, 정제수"
700ml,14,그리움,술샘,"국내산 쌀, 누룩, 효모, 정제수"
500ml,9,아임프리,술샘,"정제수, 쌀, 국, 효모"
375ml,16,꿀샘 16,술샘,"정제수, 주정, 설탕, 천연꿀, 생강, 구연산"
375ml,19,술샘19,술샘,"주정, 증류식소주, 정백당, 생강, 강황(국내산)"
375ml,16,술샘16,술샘,"쌀(국내산), 오미자(국내산), 주정, 정백당"
375ml,"25, 40, 54",미르,술샘,"쌀, 정제수"
375ml,14,감사블루,술샘,"쌀(국내산 경기미 100%), 누룩, 효모, 정제수"
375ml,14,감사,술샘,"쌀(국내산 경기미 100%), 누룩, 정제수"
375ml,10.8,붉은 원숭이,술샘,"쌀(국내산 경기미 100%), 누룩, 홍국, 정제수"
375ml,10.8,술취한 원숭이,술샘,"쌀(국내산 경기미 100%), 누룩, 홍국, 정제수"
375ml,25,빡치주,술샘,"증류원액(쌀 국내산 100%), 정제수"
375ml,13,서설,술샘,"쌀(국내산 경기미), 쌀누룩(국내산 경기미 조제종국)주정, 설탕, 구연산, 효모, 정제수"
375ml,16,볼빨간미자,술샘,"물, 주정, 정백당, 오미자(국내산)"
500ml,6,아임프리6.0,술샘,"정제수, 쌀(국내산, 경기미), 국(쌀누룩 국내산), 오미자, 효모"
100,8,이화주(술샘),술샘,"쌀(국내산 경기미 100%), 누룩, 정제수"
450ml,8,술아 핸드메이드 막걸리,술아원,"국내산 찹쌀, 누룩, 정제수"
350ml,14,복단지,술아원,"쌀(경기미),누룩(국내산),정제수,복분자(국내산)"
375ml,20,경성과하주,술아원,"찹쌀(여주산),누룩(국내산),정제수,쌀증류원액(경기미)"
375ml,20,술아 순곡주,술아원,"국내산 찹쌀, 누룩, 증류주, 정제수"
375ml,15,술아 국화주,술아원,"국내산 찹쌀, 누룩, 건조국화꽃, 증류주, 정제수"
375ml,15,술아 연화주,술아원,"국내산 찹쌀, 누룩, 건조연화꽃, 증류주, 정제수"
375ml,15,술아 매화주,술아원,"찹쌀(여주산),누룩(국내산),정제수,주정,매화꽃"
375ml,25,필,술아원,"고구마증류원액(고구마여주산100%),정제수"
350ml,14,복단지 350,술아원,"쌀(경기미), 정제수, 복분자(국내산), 누룩(국내산 밀 함유)"
750ml,5,PS 애플시드르,시나브로 와이너리,"사과, 정제수, 백설탕, 탄산가스, 효모, 메타중아황산칼륨, 소브산칼륨, 아황산함유"
350ml,25,미상25,시트러스,"감귤(제주산)증류주원액, 정제수, 스테비올배당제"
350ml,25,귀감,시트러스,"제주산 감귤과즙, 백설탕, 액상효모, 스테비올배당체, 무수아황산"
750ml,50,신례명주,시트러스,"제주산감귤, 감귤 증류주"
"200ml, 3000ml",6,말이야 막걸리야,시향가,"건조토란(국내산), 쌀(국내산), 정제수, 젖산(산도조절제), 효모"
200ml,8,시향가 미니캔막걸리,시향가주식회사,"물, 쌀, 건조토란, 젖산, 누룩, 효모, 정제효소제"
750ml,13,산막생대덕주,신탄진주조,"국내산 찹쌀, 누룩"
375ml,12,백련 맑은술,신평양조장,"백미, 정제수, 물엿, 과당, 누룩, 백련잎, 누룩 등"
750ml,6,백련 생막걸리 snow (스노우),신평양조장,"백미, 연잎, 정제수, 종국, 효모, 아스파탐, 물엿 등"
"375ml, 750ml",7,하얀연꽃 백련생막걸리,신평양조장,"국내산 백미, 국내산 백련잎"
375ml,7,하얀연꽃 백련막걸리,신평양조장,국내산 쌀
"375ml, 750ml",12,하얀연꽃 백련맑은 술,신평양조장,"국내산 쌀, 백련잎"
500ml,12,씨(C) 그린막걸리,씨(C) 막걸리,"쌀, 물, 누룩, 케일, 개똥쑥"
500ml,12,씨(C) 옐로막걸리,씨(C) 막걸리,"쌀, 물, 누룩, 당근, 레몬그라스"
500ml,12,씨(C) 막걸리 시그니처 큐베,씨(C) 막걸리,"쌀, 물, 누룩, 노간주나무열매, 건포도"
500ml,9,술공방 9.0 막걸리,아리랑주조,"정제수, 쌀(국내산), 국(쌀, 국내산), 누룩(밀)"
375ml,8,허니문,아이비영농조합법인,벌꿀(국내산)
500ml,8,허니비,아이비영농조합법인,벌꿀(국내산)
750ml,6,악양생막걸리,악양주조,"정제수, 백미(국내산), 입국(국내산), 누룩(국내산), 조효소제(밀), 젖산(산도조절제), 혼합제제(효모, 덱스트린, 유당), 혼합제제(스테비올 배당체, 덱스트린), 혼합제제(효소:아밀라아제, 효소:글루코아밀라아제, 탄산칼슘, 황산칼슘)"
750ml,6,정감생막걸리,악양주조,"정제수, 백미(국내산), 찹쌀(국내산), 입국(국내산), 누룩(국내산), 조효소제(밀), 미강(쌀겨), 젖산(산도조절제), 혼합제제(효모, 덱스트린, 유당), 혼합제제(스테비올 배당체, 덱스트린), 혼합제제(효소:아밀라아제, 효소:글루코아밀라아제, 탄산칼슘, 황산칼슘)"
350ml,17,안동소주 일품 17도,안동소주일품,"국내산 쌀, 입국"
500ml,40,안동소주 일품 40도 골드,안동소주일품,"국내산 쌀, 입국"
350ml,21,안동소주 일품 21도,안동소주일품,"국내산 쌀, 입국"
1700ml,6,안양동동주,안양주조장,"국내산 햅쌀, 국내산 친환경 햇찹쌀"
360ml,16.5,장수 오미자주,알에프,"오미자(국내산), 정제수, 주정, 설탕, 효모"
500ml,12,오미시앙 스페셜,알에프,"오미자, 주정, 설탕, 효모"
500ml,18.5,과하주 온,양온소 온,"찹쌀, 정제수, 누룩, 더덕, 주정"
500ml,12,자작막걸리,양온소온양조장,"자작나무 수액, 누룩으로 빚은 삼양주 원주"
500ml,12,양조학당 뜰,양조학당,"멥쌀, 찹쌀, 백국, 효모, 솔잎, 쑥, 정제수"
120ml,8.5,이화주,양주골이가전통주,"양주쌀59.5%, 정제수24.6%, 쌀누룩15.9%(국내산)"
800ml,6.5,별산막걸리,양주도가,"정제수, 쌀(국내산), 입국, 효모, 당류가공품"
800ml,6,별산오디 스파클링 막걸리,양주도가,"정제수, 쌀(국내산), 당류가공품(원당, 올리고), 오디(국내산), 종국, 효모"
500ml,15,양지백주,양지술곳간,"국내산 쌀, 누룩, 효모, 정제수"
500ml,15,모든날에,양지술곳간,"정제수48.8%, 찹쌀(국내산, 39%), 멥쌀(국내산, 7.8%), 밀누룩4.4%"
375ml,23,아치23,양촌감양조장,"감 발효증류주, 정제수"
375ml,23,감이슬,양촌감영농조합법인,국내산 감
750ml,10,양촌 생 동동주,양촌양조,"정제수, 백미 효소제, 효모 등"
750ml,6,양촌 생 막걸리,양촌양조,"팽화미, 소맥분, 정제수, 물엿, 효소, 국 등"
500ml,7.5,우렁이쌀 손막걸리 DRY,양촌양조,"정제수, 찹쌀(국내산), 쌀(국내산), 효모, 종국"
500ml,14,양촌 우렁이쌀 청주,양촌양조,"무농약우렁이찹쌀, 우렁이 쌀, 정제수, 종국, 효모(무감미료)"
750ml,7.5,우렁이쌀 손 막걸리,양촌양조,"쌀, 정제수 효모, 정제효소, 효소처리 스테비아"
650ml,6,마크홀리 오리지널 6.0,어메이징브루잉컴퍼니,"정제수, 살(김포산), 국, 산도조절제, 효모"
375ml,13,에델 미디움 스위트와인,에델농원,"매실(100%), 정제수, 정제당, 효모"
375ml,13,에델 스위트와인,에델농원,"매실(100%), 정제수, 정제당, 효모"
500ml,16,여민락주,여주육묘영농조합법인,"국내산 쌀, 누룩, 효모, 정제수"
375ml,12,초선의 꿈,여포와인농장,국내산 포도
750ml,12,여포의 꿈 (화이트),여포와인농장,국내산 포도
750ml,12,여포의 꿈 레드(SWEET),여포와인농장,국내산 포도 100%
750ml,12,여포의 꿈 레드(Dry),여포와인농장,국내산 포도 100%
600ml,9,역전주,역전양조장 (역전회관),"정제수, 멥쌀(국내산), 찹쌀(국내산), 누룩"
500ml,10,나 와인,영농법인에스비케이조합,국내산 찹쌀 100%
500ml,12,오가피와인,영농조합법인 금이산농원,"오가피 열매(국내산), 백설탕, 효모, 메타중아황산칼륨"
750ml,16,설련주,영농조합법인 석전상온전통주가,"백련, 찹쌀, 멥쌀, 누룩"
750ml,6,울금생막걸리 정,영덕주조,"국내산 쌀, 국내산 울금"
750ml,6,새송이 쌀막걸리 정,영덕주조,"국내산 쌀, 새송이버섯"
360ml,15,인어교주해적술,영덕주조,"정제수, 증류원액(쌀, 국내산), 포도당, 포도과육(국내산), 효소처리스테비아, 포도향(합성향료), 구연산(산도조절제), 진주빛색소, 식용색소청색 제 1호(착색료), 이산화탄소"
300ml,15,행복한 상상 쵸코맛,영덕주조,"정제수, 정수, 사과(국내산), 복숭아(국내산), 포도과육,(국내산), 카카오"
360ml,20,동강더덕주,영월더덕영농조합법인,"더덕, 대추구기자, 감초, 원지"
750ml,12,예밀와인 로제,예밀2리영농조합법인,포도(캠벨얼리)
750ml,12,예밀와인 레드 스위트,예밀2리영농조합법인,포도(캠벨얼리)
750ml,13,예밀와인 레드 드라이,예밀2리영농조합법인,포도(캠벨얼리)
750ml,16,산내울 오미자주,예산사과와인,"오미자, 설탕, 주정, 정제수, 과당"
500ml,40,추사40,예산사과와인,"사과증류원액, 정제수"
375ml,11,추사 블루베리 와인,예산사과와인,"예산블루베리 60%(국내산), 설탕, 구연산, 무수아황산, 소르빈산칼륨"
375ml,12,추사 애플와인,예산사과와인,사과(국내산)
375ml,12,추사 로제,예산사과와인,사과
500ml,47,추사47,예산사과와인,"예산사과(100%), 효모"
350ml,25,추사백25,예산사과와인,"증류원액(사과증류원액, 사과: 국내산), 정제수"
500ml,40,추사백40 사과 증류식 소주,예산사과와인,
500ml,10,만강에 비친 달,예술주조,"홍천쌀, 단호박, 곡자(밀누룩)"
500ml,53,예술주조 `무작`,예술주조,"정제수, 누룩, 쌀"
500ml,16,동짓달 기나긴 밤,예술주조,"찹쌀, 맵쌀, 복분자, 전통누룩, 정제수"
500ml,17,동몽,예술주조,"홍천 쌀, 정제수, 단호박, 국(밀 누룩)"
"20ml, 140ml",9,배꽃 필 무렵,예술주조,"정제수, 멥쌀(국내산), 누룩"
500ml,11,홍천강 탁주,예술주조,"홍천 쌀, 정제수, 국(밀 누룩)"
750ml,18.5,남산애 포트와인,예인화원,"포도(캠벨얼리, MBA, 산머루)"
750ml,14,남산애 레드와인,예인화원,"포도(캠벨얼리, MBA, 산머루)"
750ml,6,영탁막걸리,예천양조,"정제수, 백미(국내산), 입국(쌀, 밀), 물엿, 올리고당, 누룩(밀), 효모, 아스파탐, 아세설팔칼륨"
375,14,오계리 아이스와인,오계리 와이너리,영천포도
700ml,13,감자술 13%,오대서주양조,"국내산 백미, 국내산 감자, 누룩, 효모, 정제수"
400ml,16,서주 16%,오대서주양조,"백미(국내산), 감자(국내산), 누룩, 효모, 정제수"
750ml,8,다래와인 7004S,오름주가,참다래
750ml,12,다래와인 7004D,오름주가,참다래
375ml,8,다래와인 3004,오름주가,참다래
"750ml, 375ml",40,문경바람 오크,오미나라,사과(문경)
500ml,52,고운달 백자,오미나라,오미자(문경산)
"200ml, 500ml",52,고운달 오크,오미나라,오미자(문경산)
750ml,8,오미로제 연,오미나라,오미자
750ml,12,스파클링와인 오미로제 결,오미나라,오미자
750ml,12,오미로제 프리미어와인,오미나라,오미자(문경산)
375ml,22,혼,오미나라,문경사과(국내산)
250ml,53,독산 53,오산양조,"국내산 쌀, 누룩, 효모, 정제수"
850ml,8,하얀까마귀,오산양조,"물, 쌀(국내산), 국, 효모 (밀 함유)"
250ml,30,독산 30,오산양조,"정제수, 쌀(국내산), 누룩, 정제효소제, 효모"
"750ml, 1,500ml",6,이천쌀생막걸리,오성주조장,국내산 쌀
500ml,16,마주 소곡주,옥순가 소곡주 마주,"국내산 찹쌀, 국내산 백미, 모싯잎, 우리밀 누룩, 정제수, 효모"
500ml,41,마주 소곡화주,옥순가 소곡주 마주,"국내산 찹쌀, 국내산 백미, 모싯잎, 우리밀 누룩, 정제수, 효모"
375ml,15,옹근달 본막걸리,옹근달양조장,"쌀(강화섬 쌀), 정제수, 누룩"
365ml,16,어우야,왕지케양조장,"야관문(제주산), 정제수, 포도당, 효모"
"1,000ml",6,강냉이 막걸리,용두산 조은술,"정제수, 쌀, 소맥분, 옥분, 입국, 올리고당, 치자분말, 정제효소제, 효모, 아스파탐, 아세설팜칼륨, 밀함유"
750ml,16,신선주,용두산조은술,"쌀, 능금, 신선초, 천궁, 구기자, 당귀솔잎, 대추, 인삼"
750ml,15,예주,용두산조은술,"복분자, 주정, 효모, 정제수"
750ml,6,소백산생막걸리,용두산조은술,"정제수, 쌀, 소맥분, 평화미"
500ml,35,금휘,용두산조은술(영),"국내산 쌀, 황기, 금나노화된 황금물"
700ml,43,소나무와 학,용두산조은술(영),"국내산 쌀, 황기"
750ml,6,톡쏘는 옥수수동동,우리술,"쌀, 정제수, 입국, 옥수수 농축액, 옥수수 추출물 등"
750ml,6,톡쏘는 고구마동동,우리술,"쌀, 정제수, 입국, 고구마 농축액, 고구마 추출물 등"
750ml,6,톡쏘는 알밤동동,우리술,"쌀, 정제수, 입국, 밤 농축액, 밤 추출물 등"
750ml,6,가평 잣 생막걸리,우리술,"쌀, 정제수, 쌀입국, 잣, 효모, 정제효소 등"
"750ml, 950ml",6,톡쏘는 쌀 막걸리,우리술,국내산 쌀
900ml,6,황도배기 햅쌀막걸리,우리술,고창 황토배기 햅쌀
500ml,14,경기백주,우리술별처럼 과천도가,"정제수, 경기미 햅쌀, 국, 효모"
"200ml, 375ml",40,타락40,우유로 만든 증류주 타락,"증류원액(국내산 우유), 정제수"
930ml,6.5,맑은내일 발효 막걸리,우포의 아침 주식회사,"정제수, 백미(국내산), 누룩, 정제효소, 아스파탐(합성감미료 / 페닐알라닌함유), 밀함유"
"325ml, 500ml",12,맑은내일 우포,우포의아침,"국내산 쌀, 옥수수전분, 효모, 누룩, 양파, 정제수"
750ml,5,맑은내일 스파클링 막걸리,우포의아침,"정제수, 멥쌀(수입산), 누룩, 정제효소, 아스파탐(감미료/페닐알라닌 함유), 밀함유"
750ml,12,맑은내일 운암1945,우포의아침,"정제수, 쌀, 누룩, 효소제"
750ml,8,황감찰,운곡도가,"국내산 쌀, 찹쌀, 누룩, 효모, 정제수"
750ml,6.8,토끼구름,운곡도가,"정제수, 쌀, 올리고당, 전분, 조효소제, 혼합제제"
750ml,7,왕피천을 품은 미소생막걸리,울진술도가,"쌀, 누룩, 정제수"
750ml,7,미소 생막걸리,울진술도가,"쌀(국내산), 누룩, 정제수"
375ml,22,원소주,원스피리츠 농업법인 주식회사,"물, 쌀(국내산)"
720ml,16,원조소곡주,원조소곡주,"찹쌀(36%), 누룩(3%)"
"300ml, 500ml",41,한산 소곡화주,원조소곡주,"찹쌀, 멥쌀, 누룩"
750ml,12,그랑티그르 M1988,월류원,"캠벨얼리 포도, 오미자"
750ml,12,그랑티그르 CE2002,월류원,캠벨얼리 포도
375ml,10,오드린 베베마루 아내를 위한,월류원,캠벨얼리 포도
375ml,12,베베마루 캠밸로제,월류원,포도(캠벨얼리)
375ml,10,베베마루 캠벨로제 스위트,월류원,포도(캠벨얼리)
"375ml, 750ml",12,베베마루 설레임 로제 스위트와인,월류원 오드린,포도(캠벨얼리 100%)
750ml,12,위 (we)레드 (2018)와인,위 와이너리,국내산포도 100%
750ml,5%,은자골 생 탁배기,은척양조장,"백미, 소맥분, 정제수, 전분당, 국, 누룩, 효소, 아스파탐"
500ml,18,이상헌 약주,이가수불,"아산쌀, 국(국내산 밀누룩), 정제수"
750ml,7.6,남산둘레길,이대앞양조장,"물, 쌀(국산), 국(밀함유), 솔잎(국산)"
375ml,12,눈내린여름밤,이대앞양조장,"쌀, 누룩, 물"
750ml,6,이동 생 쌀 막걸리,이동주조,"정제수, 백미, 팽화미, 입국, 아스파탐 등"
375ml,23,뱁새,이쁜꽃양조장,"쌀, 찹쌀, 모싯잎, 생강, 구절초"
750ml,6,아이원 막걸리,이원양조장,"쌀, 밀, 입국, 누룩, 정제수"
700ml,10,시인의마을,이원양조장,"쌀(국내산), 누룩, 정제수"
700ml,9,우리밀 막걸리 향수,이원양조장,"쌀, 밀, 입국, 누룩, 정제수"
940ml,6,이화백주 순탁주,이화백주,"정제수, 쌀(국내산), 누룩, 설탕, 물엿, 밀, 아스파탐"
750ml,6,인천 생 소성주,인천탁주,"쌀, 팽화미, 정제수, 국, 효모, 아스파탐, 효소, 이소말토 올리고당"
375ml,13,천안연미주,입장주조㈜,국내산 쌀
750ml,12,자두와인,자두사랑,국내산 자두
"375ml, 500ml, 750ml",14,홍삼명주,자연과 인삼,홍삼(국내산)
500ml,8,자희향 나비,자희자양,"찹쌀(국내산), 멥쌀(국내산), 누룩(국내산), 정제수"
500ml,12,자희향,자희자양,"찹쌀(국내산), 멥쌀(국내산), 누룩(국내산), 정제수"
375ml,15,자희향 국화주,자희자양,국내산 쌀
750ml,6,레돔 시드르,작은알자스,사과
750ml,7.5,레돔 내추럴 스파클링 로제와인,작은알자스,포도
500ml,13,세종대왕어주 탁주,장희도가,"쌀(국내산), 누룩, 정제수"
500ml,15,세종대왕어주 약주,장희도가,"쌀, 누룩 정제수"
350ml,10,고향춘,전가네,"포천쌀, 찹쌀, 향미찹쌀, 전가네이화곡, 정제수"
375ml,19,이강주,전주 이강주,"쌀, 소맥분, 정맥, 배, 생강, 계피, 울금, 꿀"
1000ml,5,경기전,전주술로시티,"국내산 보리, 맥아, 호프펠렛, 효모, 정제효소제, 정제수"
375ml,25,오디여라,전주이강주,"오디증류원액(오디:국내산), 정제수, 올리고당"
375ml,16,청진주,전통주연구개발원,"찹쌀, 누룩, 정제수"
500ml,40,아리아리,정선명주,"정제수, 과실주증류주원액(정제수, 오가피열매: 정선산, 설탕, 효모)"
750ml,6,곤드레생막걸리,정선명주,"백미(국내산), 감자(정선산), 곤드레(정선산)"
375ml,19.5,청혼골드,제이앤제이브루어리,"경기미(용인백옥쌀), 밀누룩, 국, 효모, 증류소주"
375ml,13,청혼 화이트,제이앤제이브루어리유한회사,"경기미(용인백옥쌀), 밀누룩, 국, 효모"
375ml,25,청혼 레드25,제이앤제이브루어리유한회사,"경기미(용인백옥쌀), 경기미(보리), 밀누룩, 국, 효모"
375ml,15,청혼 블루,제이앤제이브루어리유한회사,"경기미(용인백옥쌀), 밀누룩, 국, 효모"
750ml/375ml,25,문경바람 백자 25,제이엘,사과(문경산)
750ml/375ml,40,문경바람 백자 40,제이엘,사과(문경산)
500ml,12,기다림 34,제이케이크래프트,"국내산 멥쌀, 국내산 찹쌀, 곡자, 정제수"
750ml,8,기다림 25,제이케이크래프트,"국내산 백미, 국내산 찹쌀, 곡자, 정제수"
750ml,9,기다림 16,제이케이크래프트,"국내산 찹쌀, 국내산 흑미, 곡자, 정제수"
500ml,15,기다림 맑은술,제이케이크래프트,"국내산 멥쌀, 국내산 찹쌀, 곡자, 정제수"
750ml,6,동래아들,제이케이크래프트,"정제수, 찹쌀, 맵쌀, 밀누룩"
400ml,40,제주술익는집 고소리술,제주고소리술익는집,"잡곡, 누룩, 정제수"
500ml,16,오메기 맑은술,제주고소리술익는집,"좁쌀, 햅쌀, 정제수, 누룩"
600ml,8,패치배치 만다린,제주곶밭,"멥쌀, 감귤, 감귤과피, 당유자과피, 귤꽃"
365ml,16,"동백꽃, 제주",제주본초협동조합 왕지케양조장,"동백꽃잎, 정제수, 포도당 효모"
700ml,45,세우리,제주샘주,"산양삼, 하수오, 구기자, 쌀"
"29,40-375ml, 40-500ml","29, 40",고소리술,제주샘주,"백미, 차조, 입국, 누룩, 효모(팽창제), 정제효소, 스테비올배당체(감미료), 정제수"
375ml,13,오메기술,제주샘주,"쌀, 차조, 입국, 누룩, 효모, 효소, 청호, 조릿대, 감초, 정제수"
375ml,11,니모메,제주샘주,"백미, 누룩, 감귤 진피, 효모"
375ml,40,고소리술,제주샘주,"쌀, 차조, 입국, 누룩, 효모, 효소, 정제수, 스테비올 배당체"
750ml,7,제주감귤주 귤로만,제주와이너리,감귤원액(제주)
200ml,11,제주몬순커피주,제주커피수목원,"정제수, 설탕, 커피생두, 효모"
200ml,11,커피와인 톡시,제주커피수목원,커피생두 발효액
200ml,40,커피냑,제주커피수목원,"커피생두, 백설탕, 효모, 정제수, 클로로겐산"
700ml,40,의림소주,제천한약(영),국내산 쌀
750ml,35,한비 유자술,제천한약(영),"쌀(국내산), 유자(국내산)"
"375ml, 750ml",35,한비 무병장수술,제천한약(영),"국내산쌀, 흑삼, 인삼, 오가피, 오미자, 구기자, 복분자, 차전자, 토사자, 산수유"
"375ml, 750ml",35,한비 동충하초술,제천한약(영),"국내산 쌀, 누룩, 가시오가피 뿌리, 동충하초, 정제수"
500ml,35,한비오가피술골드,제천한약(영),"국내산 쌀, 국내산 오가피"
"375ml, 750ml",35,한비 오가피술,제천한약영농조합법인,"국내산 쌀, 누룩, 가시오가피 뿌리, 정제수"
"375ml, 750ml",40,한비 쌀소주,제천한약영농조합법인,"국내산 쌀, 누룩, 정제수"
"375ml, 500ml, 750ml",11.5,젤코바 스페셜와인,젤코바와이너리,"국내산 산머루, MBA포도"
"500ml, 750ml",12,젤코바 프리미엄 와인,젤코바와이너리,"국내산 산머루, MBA포도"
750ml,13.5,젤코바 캠벨와인,젤코바와이너리,"유기농 캠벨포도, 유기농 설탕"
375ml,10.5,홍시와인,젤코바와이너리,"감열매(국내산), 효모, 메타중아황산칼륨, 이산화황"
750ml,6,우도땅콩전통주,조은술 세종,"쌀, 우도땅콩"
"750ml, 1200ml",6,세종청주생막걸리,조은술 세종,"쌀, 소맥분"
750ml,6,세종 알밤주,조은술 세종,"정제수, 백미, 소맥분, 알밤(국내산), 전분당, 효모, 젖산"
750ml,6,생 청주 막걸리,조은술 세종,"쌀, 소맥분, 국, 조제종국, 효모, 물엿 등"
750ml,6,우도 땅콩 전통주,조은술 세종,"정제수, 전분당, 백미, 국, 땅콩분, 효모, 젖산 등"
750ml,4,바나나 주,조은술 세종,"쌀, 국, 정제수, 바나나 농축액, 조제종국, 효모, 물엿"
750ml,6,괴산 세종 찰옥수수 전통주,조은술 세종,"정제수, 백미, 국, 옥수수분, 전분당, 조제종국, 효모, 조효소제, 치자색소,젖산, 아스파탐, 아세설팜칼륨,허브후레바E, 누룽지향, 구연산"
"375ml, 750ml",17,아이엠더문,조은술 세종,"쌀증류식소주원액(유기농쌀100%), 주정, 정제수, 과실농축액(국내산-사과,포도,딸기,오렌지,망고) 등"
375ml,22,이도 22,조은술 세종,쌀(국내산)
375ml,13,세종 오가닉,조은술 세종,"정제수, 유기농 백미, 국, 효모, 정제효소, 구연산"
750ml,14,유기농이도 14,조은술 세종,"물, 유기농쌀(국내산),국[유기농쌀(국내산)], 우리밀누룩(국내산)"
"750ml, 1200ml, 1700ml",6,세종 쌀막걸리,조은술 세종,국내산 쌀
"375ml, 750ml",42,유기농 이도 42,조은술 세종,"유기농쌀 (100%), 정제수, 증류원액, 국, 조제종국, 효모 등"
375ml,32,유기농 이도 32,조은술 세종,"물, 증류원액(유기농 쌀, 국내산)"
300ml,14.5,미나리싱싱주,조은술 세종,"쌀(유기농,국내산), 찹쌀(유기농, 국내산), 미나리(친환경, 국내산), 국(유기농쌀,국내산), 종국, 효모, 과당, 아스파탐"
500ml,10,술그리다 생탁주,좋은술,"국내산쌀, 누룩"
500ml,14,천비향 오양주 탁주,좋은술,"국내산쌀, 누룩"
500ml,13,술예쁘다 생탁주,좋은술,"국내산 쌀, 누룩"
375ml,40,천비향 화주,좋은술,"국내산 쌀, 누룩"
500ml,16,천비향 오양주 약주,좋은술,"국내산 쌀, 누룩"
"500ml, 900ml",6,1932 새싹땅콩+햅쌀/흑미,㈜1932 포천일동막걸리,"새싹땅콩+고시히카리 쌀, 새싹땅콩+진도산 흑미"
750ml,6.5,담은,㈜1932 포천일동막걸리,"쌀(국내산), 입국, 효모, 고과당, 정제효소제, 정제수"
500ml,43,금산인삼백주,㈜금산인삼주,"국내산쌀 95.8%, 국내산 인삼 4.2%"
500ml,43,금산인삼주 수삼 500,㈜금산인삼주,"국내산 쌀, 국내산 인삼"
720ml,43,수삼단본 720,㈜금산인삼주,"국내산 쌀, 국내산 인삼"
720ml,10,배꽃담은연,㈜농업회사법인 술 빚는 전가네,"쌀 26.1%, 효모 0.07%, 젖산 0.05%, 정제수 72.31%"
720ml,6,산정호수 동정춘막걸리,㈜농업회사법인 술 빚는 전가네,"국내산 쌀, 누룩, 정제수"
750ml,6,동백우리쌀생막걸리,㈜동백양조,"정제수, 쌀 소맥분 물엿, 곡자, 효모, 조제종국, 정제효소, 아스파탐,아세설팜칼륨"
500ml,35,두레앙목통숙성주,㈜두레양조,목통숙성주원액
375ml,22,두레앙22,㈜두레양조,"포도, 메타중아황산칼륨, 효모, 설탕, 정제수"
750ml,35,두레앙 일반증류주,㈜두레양조,국내산 포도
750ml,12,두레앙와인,㈜두레양조,거봉포도
360ml,20,아우내,㈜두레양조,"포도주 증류원액, 주정"
375ml,10,쑥크레,주방장양조장,"쌀, 누룩, 쑥, 물"
350ml,19,도래하,㈜배혜정농업회사법인,"정제수, 주정, 쌀소주원액(정제수, 쌀(국내산), 국, 효모, 젖산), 합성함료(진향, 감초향), 구연산, 천연향료(고수향), 아스파탐(감미료, 페닐알라닌 함유)"
250ml,25,백제한산군주,㈜백제명가주조,"찹쌀, 물, 멥쌀, 주정, 효모, 홍고추, 구절초, 과당, 소금, 스테비아"
375ml,44,부자진 오미자 진,㈜부자진농업회사법인,"솔잎, 쑥, 헛개, 한라봉, 오미자 등"
375ml,44,부자진 배치#0001,㈜부자진농업회사법인,"캐모마일, 라벤더, 레몬 베버나, 노간주나무 열매, 한라봉, 헛개나무, 솔잎,쑥"
500ml,16,사임주,㈜사리원,"국내산 찹쌀, 국내산 멥쌀"
400ml,45,삼해소주,㈜삼해소주,"멥쌀, 찹쌀, 누룩"
700ml,19,선운산 복분자주 프리미엄,㈜선운산복분자주 흥진,"복분자(고창산), 과당, 구연산, 아스파탐, 무수아황산"
375ml,16,선운산 복분자주,㈜선운산복분자주 흥진,"복분자(고창산), 과당, 구연산, 아스파탐, 무수아황산"
300ml,13,선운산 복분자와인,㈜선운산복분자주 흥진,"복분자(고창산), 구연산, 과당, 아스파탐, 주정, 정제수"
500ml,13,샹스프랑보아즈,㈜선운산복분자주 흥진,"복분자(고창산), 구연산, 과당, 구연산, 아스파탐, 주정, 정제수"
750ml,6,미담,㈜성광주조,국내산 쌀
500ml,43,수성 프리미엄 백주43,㈜수성주류,"수수, 정제수"
330ml,12,혼디주,㈜시트러스,"제주산감귤, 백설탕, 구연산, 무수아황산"
300ml,15,한청,주식회사 초가,"정제수, 철원오대미, 정제효소제, 효모, 정제주정, 기타과당, 젖산"
750ml,6,고향생막걸리,㈜찬우물,국내산 쌀
750ml,6,고향인삼막걸리,㈜찬우물,"국내산쌀90%, 국내산인삼10%"
355ml,5,SSOA-포도,㈜포천조술당,국내산 포도
500ml,47,고리진,㈜하우스오브헤리티지,"노간주열매, 유자, 복분자, 오미자, 구기자, 인삼, 우엉, 생강, 감초, 산초"
750ml,40,금과 명주,㈜한국애플리즈,"사과증류주, 고과당, 사과향, 카라멜"
500ml,3.5,애피소드호프,㈜한국애플리즈,"사과과즙, 보리, 쌀, 홉"
360ml,14~16,The 찾을수록,㈜한국애플리즈,"사과와인, 정제수, 정제주정 외 제품별 농축액 (복숭아, 포도, 사과, 감귤, 생강, 커피향 등)"
500ml,3.5,애피소드 상그리아,㈜한국애플리즈,"포도와인, 정제주정, 정제수, 포도농축액, 고과당"
500ml,3.5,애피소드 애플,㈜한국애플리즈,사과
750ml,11,한스오차드 사과와인,㈜한국애플리즈,사과
750ml,11,프리미엄 애플와인 한스오차드,㈜한국애플리즈,국내산 사과
"375ml, 500ml, 750ml","41, 25, 17","화요 41%, 25%, 17%",㈜화요,국내산 쌀
375ml,41,죽향41,죽향도가,"정제수, 쌀(국내산), 벌꿀, 조제종국, 정제효소, 젖산"
600ml,9,대대포9,죽향도가,"정제수, 쌀, 정제효소, 젖산, 종국, 효모, 물엿, 은행나무견과, 우유함유"
500ml,17,청명주,중원당,국내산 쌀
750ml,17,청명주 750,중원당,"찹쌀,누룩,소맥분"
375ml,9,호호막걸리,중원당,"정제수, 찹쌀(국내산), 멥쌀(국내산), 단호박(국내산), 누룩(국내산), 밀함유"
375ml,10,보은주,중원당,"찹쌀(국내산), 멥쌀(국내산), 누룩(국내산)"
375ml,12,선희주,중원당,"찹쌀(국내산), 멥쌀(국내산), 누룩(국내산), 정제수, 밀함유"
750ml,6,지리산 정담 생쌀 막걸리,지리산 운봉주조,"쌀(국내산), 종국, 정제수, 누룩, 효모"
750ml,6,지리산 허브잎술 쌀 막걸리,지리산 운봉주조,"쌀(국내산), 입국, 정제수, 효모, 곡자, 국내산허브(로즈마리, 라벤다잎줄기추출액, 울금) 등"
750ml,6,야관문 쌀 막걸리,지리산 운봉주조,"팽화미, 입국, 효모, 곡자(밀), 정제수, 야관문잎 줄기 추출액 등"
750ml,5,지평 이랑이랑,지평주조,"정제수, 쌀, 자일리톨, 국, 효모, 레몬농축액, 허브류"
"1,700ml",5,지평 생 옛막걸리,지평주조,"밀, 정제수, 국, 분말종국, 효모, 정제효소 등"
"700ml, 1,700ml",5,지평 생 쌀막걸리,지평주조,"쌀(국내산), 정제수, 국, 효모, 정제효소 등"
350ml,40,예천주복 만월40,착한농부,"복분자증류원액, 복분자과즙, 정제수"
500ml,40,막시모 40,착한농부,"국내산 오미자 증류원액, 국내산 오미자 원액, 정제수"
360ml,17.2,참주가 동해밤바다,참주가,"증류원액[쌀(국내산), 입국(국내산), 효모], 정제수, 주정, 매실(국내산), 과당, 효소처리스테비아, 에리스라톨, L-아스파라간산(영양강화제)"
360ml,17,참주가 청화랑,참주가,"증류원액[쌀(국내산), 블루베리(국내산), 입국(국내산), 효모], 정제수, 주정, 과당, 효소처리스테비아, 에리스리톨, L-아스파라간산(영양강화제)"
360ml,17.1,참주가 서해밤바다,참주가,"증류원액[쌀(국내산), 입국(국내산), 효모], 정제수, 주정, 매실(국내산), 과당, 효소처리스테비아, 에리스라톨, L-아스파라간산(영양강화제)"
375ml,10,감그린 아이스와인,청도감와인,감(국내산)
750ml,12,감그린 스페셜,청도감와인,감(국내산)
750ml,12,감그린 레귤러,청도감와인,감(국내산)
940ml,6.8,편백숲 산소막걸리 스파클링,청산녹수,"찹쌀, 맵쌀, 누룩"
940ml,6.8,편백숲 산소막걸리 딸기 스파클링,청산녹수,"찹쌀, 멥쌀, 누룩, 딸기, 올리고당"
750ml,8,편백숲 산소막걸리 순수령 8%,청산녹수,"찹쌀, 맵쌀, 누룩"
750ml,5.8,편백숲 산소막걸리 순수령,청산녹수,"찹쌀, 맵쌀, 누룩"
750ml,5.2,편백숲 산소막걸리,청산녹수,"쌀, 사과농축액,누룩,올리고당,아스파탐"
750ml,6,생탁주,청산녹수,"쌀, 올리고당, 사과농축액, 아스파탐, 효모, 정제수"
750ml,8,꿀막걸리,청산녹수,"쌀(국내산), 벌꿀(국내산), 사과농축액, 효모, 정제효소"
750ml,8,사미인주,청산녹수,"유기농 햅쌀, 벌꿀"
500ml,12,G12 골디락스,청산녹수,"정제수, 멥쌀(국내산), 찹쌀(국내산), 누룩, 종국, 효모, 밀함유"
500ml,17.5,52C,청산녹수,"정제수, 주정, 증류식소주원액, 오이"
750ml,6,주산지 막걸리,청송양조장,"쌀(국내산), 밀가루, 누룩, 입국, 효모, 고과당, 물엿, 아스파탐, 삭카린나트륨, 정제수"
700ml,16,청양둔송구기주,청양둔송구기주,"쌀, 누룩, 구기자, 감초, 두충껍질"
750ml,6,유자향주,청정영농조합법인,"쌀(국내산), 유자(고흥산), 아스파탐"
500ml,15,미인약주,최행숙전통주가,"찹쌀, 누룩, 정제수"
500ml,17,아황주,최행숙전통주가,"찹쌀, 멥쌀, 누룩, 정제수"
500ml,10,미인탁주,최행숙전통주가,"찹쌀, 누룩, 정제수"
700ml,15,대통대잎술,추성고을,"쌀, 누룩, 갈근, 구기자, 솔잎, 진피 등"
500ml,16,르깔롱,추성고을,"정제수, 주정, 고과당, 죽력, 메론후레바, 레이지라임, 코코넛향, 윌튼스카이아이싱칼라"
750ml,16,티나(TINA),추성고을,딸기(국내산)
350ml,25,추성주,추성고을,"국내산 쌀, 국내산 한약재"
400ml,40,타미앙스,추성고을,"국내산 쌀, 국내산 한약재"
360ml,11,대통주,추성고을,"국내산 쌀, 국내산 매실농축액, 국내산 대나무잎"
350ml,25,담양 죽력고,추성고을,"정제수, 국내산 쌀, 누룩, 죽력, 계피, 석창포, 생강, 효모"
300ml,12,대잎술,추성고을,"쌀, 누룩, 댓잎, 솔잎, 진피, 갈근, 오미자, 구기자, 죽력 등"
375ml,15,순향주,추연당,"쌀, 누룩, 정제수"
500ml,10,백년향,추연당,"쌀,누룩,정제수"
375ml,42,소여강,추연당,"쌀(경기미), 누룩(국내산), 물(정제수)"
375ml,25,소여강 25%,추연당,"쌀증류주원액(국내 여주쌀), 정제수"
500ml,15,석탄주 탁주,케이소주,"국내산 찹쌀, 누룩, 정제수"
500ml,15,방문주 탁주,케이소주,"국내산 찹쌀, 누룩, 정제수"
500ml,15,방문주 약주,케이소주,"국내산 찹쌀, 누룩, 정제수"
500ml,43,두리향,케이소주,"국내산 찹쌀, 누룩, 정제수"
500ml,15,석탄주 약주,케이소주(전주가양주연구소),"국내산 찹쌀, 누룩, 정제수"
750ml,12.5,"코이버펑크, 머스캣 베일리 에이 2017",코이버펑크,머스캣 벨일리 베이 포도품종 100% (경북 영천)
750ml,12.5,"코이버펑크, 카베르네 소비뇽 2019",코이버펑크,카베르네 소비뇽 포도품종 100% (경북 영천)
750ml,11.5,"코이버펑크, 샤르도네 세미용 2018",코이버펑크,"샤르도네 포도품종, 세미용 포도품종, 실바너 포도품종"
750ml,12,탁112클래식,탁브루,"정제수, 찹쌀, 국, 효모, 밀함유"
500ml,6,송명섭 막걸리,태인합동주조장,"국내산쌀, 곡자, 정제수"
700ml,32,죽력고,태인합동주조장,"국내산쌀, 죽력, 누룩, 정제수"
750ml,6,손가네 태종대 개똥쑥생막걸리,태종대양조,"정제수, 쌀, 태종대개똥쑥추출물, 입국, 누룩, 정제효소, 이소말토올리고당, 구연산, 아스파탐, 효모"
"350ml, 500ml",12,라이코펜 토마토와인,토마토와인주식회사,국내산 토마토
500ml,16,녹고의 눈물,토향,섬오가피
750ml,6,팔팔막걸리,팔팔양조장,"정제수, 쌀(김포산, 김포금쌀), 국, 산도조절제, 효모, 밀함유"
500ml,12,풍정사계 추(秋),풍정사계,풍정사계 추(秋)
500ml,15,풍정사계 춘(春),풍정사계,"찹쌀, 향온곡"
375ml,"25, 42",풍정사계 동(冬),풍정사계,"찹쌀, 향온곡"
750ml,10.7,매아랑,하동매실 영농조합법인,국내산 매실
750ml,10.5,산머루와인 달콤한 스위트,하미앙 와인밸리,산머루
750ml,12,산머루와인 깊은맛 드라이,하미앙 와인밸리,산머루
750ml,12,오크와인,하미앙 와인밸리,산머루
750ml,12,2018년산 하미앙 오크와인,하미앙 와인밸리,국내산 산머루
"375ml, 750ml",12,2016년산 하미앙 드라이,하미앙 와인밸리,국내산 산머루
"375ml, 750ml",10.5,2016년산 하미앙 스위트,하미앙 와인밸리,국내산 산머루
750ml,17,하향주,하향주가,찹쌀
935ml,6,나루 생 막걸리 6도,한강주조,"정제수, 쌀(국내산), 국, 효모(밀함유)"
500ml,11.5,나루 생 막걸리 11.5도,한강주조,"정제수, 쌀(국내산), 국, 효모(밀함유)"
375ml,39,김수한무,한국고량주 농업회사법인,"수수(국내산), 누룩(국내산), 효모(국내산), 정제수"
740ml,21,계룡산 산삼주 금수강산 21%,한국산삼,"산양산삼, 정제수, 주정"
740ml,40,계룡산 산삼주 금수강산 40%,한국산삼,"산양산삼, 정제수, 주정"
330ml,9,헤베,한국애플리즈,사과와인(사과과즙 100%)
500ml,12,스타베리오디,한국와인,양조용포도(영천)
375ml,12,뱅꼬레 아이스와인,한국와인,양조용포도(영천)
375ml,11.5,뱅꼬레 로제와인,한국와인,양조용포도(영천)
375ml,12,뱅꼬레 레드와인,한국와인,양조용포도(영천)
375ml,11,뱅꼬레 화이트와인,한국와인,양조용포도(경북 영천)
750ml/375ml,12,뱅꼬레 더감,한국와인,"감, 효모"
700ml,43,불소곡주,한산소곡주,"찹쌀, 국내산 멥쌀"
"700ml, 1800ml",18,한산소곡주,한산소곡주,"찹쌀, 국내산 멥쌀"
700ml,18,일오백화이트,한산소곡주,"찹쌀(국내산), 백미(국내산), 누룩(밀:국내산), 정제수, 야국, 메주콩, 생강, 홍고추"
700ml,43,일오백골드,한산소곡주,"찹쌀(국내산), 백미(국내산), 누룩(밀:국내산), 정제수, 꿀, 들국화, 생지황, 메주콩, 홍고추"
500ml,41,불소주,한산소곡주,"멥쌀(국내산), 찹쌀(국내산), 누룩(국내산 밀함유), 효모, 정제수"
500ml,16,백송,한산소곡주,"멥쌀(국내산), 찹쌀(국내산), 누룩(국내산 밀함유), 효모, 정제수"
700ml,43,일오백블루,한산소곡주,"찹쌀(국내산), 백미(국내산), 누룩(밀:국내산), 정제수, 꿀, 들국화, 생지황, 메주콩, 생강, 홍고추"
"750ml, 1.5L, 1.8L",16,한산소곡주 생주,한산소곡주,"멥쌀(국내산), 찹쌀(국내산), 누룩(국내산 밀함유), 효모, 정제수"
750ml,16,예담은 한산소곡주,한산예담은소곡주,"찹쌀, 멥쌀, 누룩, 대두, 구절초"
500ml,41,한산예담은 한산소곡화주,한산예담은소곡주,"찹쌀, 멥쌀, 누룩, 대두, 구절초"
500ml,9,아홉쌀,한아양조,"정제수, 멥쌀(국내산), 국, 효모"
500ml,7,일곱쌀,한아양조,"정제수, 멥쌀(국내산), 국, 효모"
500ml,12,열두쌀,한아양조,"정제수, 멥쌀(국내산), 국, 효모"
375ml,13.8,한영석 하향주,한영석의발효연구소,"찹쌀, 정제수, 한영석 누룩(향미주국)"
1000ml,6,안성맞춤 생막걸리,한주양조,"국내산 쌀, 누룩, 효모, 젖산, 정제효소, 정제수"
"360ml, 500ml",35,한주,한주양조,"국내산 쌀, 밀누룩, 정제수"
330ml,8,백구막걸리,한통술양조장,"쌀. 설향곡(누룩), 시나몬(스리랑카), 벌꿀, 둥글레, 감초"
850ml,8,연꽃담은술,한통술이노베이션주식회사,"둥굴레(국내산),개똥쑥(국내산),감초(국내산),향온곡누룩(녹두,보리,밀(국내산)), 사카린나트륨제제(포도당(70%),사카린나트륨(30%)(감미료))"
500ml,40,천지향 증류주,함평천지복분자(영),국내산 복분자
375ml,16,해남진양주,해남진양주,국내산 찹쌀(해남)
500ml,12,세인트하우스 모과와인,해미읍성딸기와인,모과 80%
500ml,12,세인트하우스 살구와인,해미읍성딸기와인,살구 80%
900ml,9,해창 막걸리 9도,해창주조장,"햅쌀, 찹쌀, 물, 누룩"
"350ml, 500ml",9,냥이탁주 9도,행주산성주가,"정제수, 쌀(국내산), 찰보리(국내산), 찰수수(국내산), 벌꿀(국내산), 오미자(국내산), 송순(국내산), 누룩, 개량누룩, 밀함유"
350ml,5,냥이탁주 fresh,행주산성주가,"정제수, 쌀(국내산), 찰보리(국내산), 찰수수(국내산), 벌꿀(국내산), 오미자(국내산), 송순(국내산), 누룩, 개량누룩, 밀함유"
400ml,16,대관령 복분자주,홍지원,국내산 복분자
500ml,25,화백,화백,"멥쌀(국내산), 찹쌀(국내산), 누룩(국내산 밀함유), 효모, 정제수"
750ml,6,산천어막걸리,화천주가,"정제수,팽화미(쌀/외국산),입국(쌀),국(밀),설탕,정제효소제, 효모,아스파탐(감미료,페닐알라닌 함유)"
375ml,17,황금보리 증류주 17,황금보리(유)농업회사법인,"보리(국내산) 39.9%, 누룩(국내산)3.3%, 효소(액화효소), 효모(향미증진제), 정제수, 과당, 구연산(산도조절제)"
375ml,25,황금보리 증류주 25,황금보리(유)농업회사법인,"정제수, 보리(국내산) 40.05%, 누룩, 효소(액화효소), 효모, 과당, 구연산(산도조절제)"
375ml,40,황금보리 증류주 40,황금보리(유)농업회사법인,"보리(국내산) 40.27%, 누룩, 효소(액화효소), 효모(향미증진제), 정제수, 과당, 구연산(산도조절제)"
